Time,SSI,symbol
6/21/2019,37.14,FXE
6/20/2019,45.16,FXE
6/19/2019,49.61,FXE
6/18/2019,52.51,FXE
6/17/2019,49.1,FXE
6/14/2019,50.87,FXE
6/13/2019,43.02,FXE
6/12/2019,42.23,FXE
6/11/2019,42.05,FXE
6/10/2019,44.89,FXE
6/7/2019,38.75,FXE
6/6/2019,40.83,FXE
6/5/2019,47.59,FXE
6/4/2019,44.47,FXE
6/3/2019,47.18,FXE
5/31/2019,56.37,FXE
5/30/2019,61.86,FXE
5/29/2019,61.67,FXE
5/28/2019,55.66,FXE
5/27/2019,52.1,FXE
5/24/2019,51.41,FXE
5/23/2019,50.01,FXE
5/22/2019,58.54,FXE
5/21/2019,56.65,FXE
5/20/2019,53.85,FXE
5/17/2019,55.98,FXE
5/16/2019,52.69,FXE
5/15/2019,50.39,FXE
5/14/2019,51.16,FXE
5/13/2019,49.28,FXE
5/10/2019,47.18,FXE
5/9/2019,52.46,FXE
5/8/2019,52.06,FXE
5/7/2019,53.13,FXE
5/6/2019,55.48,FXE
5/3/2019,51.76,FXE
5/2/2019,56.03,FXE
5/1/2019,53.6,FXE
4/30/2019,52.65,FXE
4/29/2019,56.53,FXE
4/26/2019,64.16,FXE
4/25/2019,64.64,FXE
4/24/2019,63.85,FXE
4/23/2019,54.97,FXE
4/22/2019,51.01,FXE
4/19/2019,54.06,FXE
4/18/2019,57.24,FXE
4/17/2019,51.24,FXE
4/16/2019,52.87,FXE
4/15/2019,51.66,FXE
4/12/2019,50.06,FXE
4/11/2019,57.27,FXE
4/10/2019,57.08,FXE
4/9/2019,58.78,FXE
4/8/2019,59.64,FXE
4/5/2019,65.79,FXE
4/4/2019,65.91,FXE
4/3/2019,63.98,FXE
4/2/2019,67.96,FXE
4/1/2019,66.73,FXE
3/29/2019,65.14,FXE
3/28/2019,61.45,FXE
3/27/2019,56.83,FXE
3/26/2019,50.93,FXE
3/25/2019,46.26,FXE
3/22/2019,48.63,FXE
3/21/2019,42.56,FXE
3/20/2019,37.52,FXE
3/19/2019,42.28,FXE
3/18/2019,43.19,FXE
3/15/2019,43.83,FXE
3/14/2019,48.87,FXE
3/13/2019,45.12,FXE
3/12/2019,52.32,FXE
3/11/2019,57.61,FXE
3/8/2019,61.48,FXE
3/7/2019,64.26,FXE
3/6/2019,55.68,FXE
3/5/2019,56.33,FXE
3/4/2019,51.3,FXE
3/1/2019,48.71,FXE
2/28/2019,49.9,FXE
2/27/2019,52.51,FXE
2/26/2019,50.55,FXE
2/25/2019,54.58,FXE
2/22/2019,56.47,FXE
2/21/2019,56.95,FXE
2/20/2019,57.08,FXE
2/19/2019,58.09,FXE
2/18/2019,62.47,FXE
2/15/2019,64.35,FXE
2/14/2019,64.17,FXE
2/13/2019,67.57,FXE
2/12/2019,62.8,FXE
2/11/2019,66.29,FXE
2/8/2019,61.86,FXE
2/7/2019,58.48,FXE
2/6/2019,52.81,FXE
2/5/2019,50.03,FXE
2/4/2019,45,FXE
2/1/2019,43.49,FXE
1/31/2019,44.13,FXE
1/30/2019,39.55,FXE
1/29/2019,45.95,FXE
1/28/2019,48.01,FXE
1/25/2019,48.51,FXE
1/24/2019,65.12,FXE
1/23/2019,58.43,FXE
1/22/2019,60.2,FXE
1/21/2019,58.51,FXE
1/18/2019,59.43,FXE
1/17/2019,56.09,FXE
1/16/2019,53.8,FXE
1/15/2019,51.96,FXE
1/14/2019,45.53,FXE
1/11/2019,46,FXE
1/10/2019,42.63,FXE
1/9/2019,36.39,FXE
1/8/2019,42.91,FXE
1/7/2019,36.29,FXE
1/4/2019,46.01,FXE
1/3/2019,47.24,FXE
1/2/2019,53.98,FXE
12/31/2018,39.52,FXE
12/28/2018,38.69,FXE
12/27/2018,40.05,FXE
12/26/2018,47.61,FXE
12/24/2018,42.42,FXE
12/21/2018,46.87,FXE
12/20/2018,39.15,FXE
12/19/2018,40.82,FXE
12/18/2018,45.97,FXE
12/17/2018,46.58,FXE
12/14/2018,56.66,FXE
12/13/2018,50.4,FXE
12/12/2018,49.83,FXE
12/11/2018,55.57,FXE
12/10/2018,52.03,FXE
12/7/2018,48.72,FXE
12/6/2018,47.9,FXE
12/5/2018,51.96,FXE
12/4/2018,53.81,FXE
12/3/2018,51.32,FXE
11/30/2018,55.85,FXE
11/29/2018,49.07,FXE
11/28/2018,51.65,FXE
11/27/2018,54.89,FXE
11/26/2018,52.32,FXE
11/23/2018,50.71,FXE
11/22/2018,47.67,FXE
11/21/2018,47.83,FXE
11/20/2018,46.41,FXE
11/19/2018,42.53,FXE
11/16/2018,44.85,FXE
11/15/2018,52.99,FXE
11/14/2018,54.27,FXE
11/13/2018,54.95,FXE
11/12/2018,60.92,FXE
11/9/2018,59.16,FXE
11/8/2018,55.69,FXE
11/7/2018,52.53,FXE
11/6/2018,52.38,FXE
11/5/2018,55.59,FXE
11/2/2018,55.8,FXE
11/1/2018,54.12,FXE
10/31/2018,61.02,FXE
10/30/2018,59.66,FXE
10/29/2018,57.24,FXE
10/26/2018,56.11,FXE
10/25/2018,55.88,FXE
10/24/2018,57.59,FXE
10/23/2018,53.55,FXE
10/22/2018,54.03,FXE
10/19/2018,48.94,FXE
10/18/2018,53.13,FXE
10/17/2018,50.27,FXE
10/16/2018,46.45,FXE
10/15/2018,45.16,FXE
10/12/2018,46.79,FXE
10/11/2018,46.53,FXE
10/10/2018,49.93,FXE
10/9/2018,50.21,FXE
10/8/2018,51.24,FXE
10/5/2018,49,FXE
10/4/2018,48.35,FXE
10/3/2018,51.57,FXE
10/2/2018,48.04,FXE
10/1/2018,45.52,FXE
9/28/2018,43.19,FXE
9/27/2018,40.03,FXE
9/26/2018,34.87,FXE
9/25/2018,33.33,FXE
9/24/2018,33.92,FXE
9/21/2018,32.98,FXE
9/20/2018,31.26,FXE
9/19/2018,36.9,FXE
9/18/2018,35.42,FXE
9/17/2018,35.65,FXE
9/14/2018,40.62,FXE
9/13/2018,35.99,FXE
9/12/2018,37.81,FXE
9/11/2018,40.35,FXE
9/10/2018,39.48,FXE
9/7/2018,44.97,FXE
9/6/2018,39.67,FXE
9/5/2018,38.24,FXE
9/4/2018,39.58,FXE
9/3/2018,37.21,FXE
8/31/2018,39.02,FXE
8/30/2018,34.88,FXE
8/29/2018,33.54,FXE
8/28/2018,33.21,FXE
8/27/2018,34.7,FXE
8/24/2018,36.83,FXE
8/23/2018,39.51,FXE
8/22/2018,38.03,FXE
8/21/2018,41.31,FXE
8/20/2018,44.95,FXE
8/17/2018,45.54,FXE
8/16/2018,47.54,FXE
8/15/2018,50.54,FXE
8/14/2018,53.09,FXE
8/13/2018,51.02,FXE
8/10/2018,53.82,FXE
8/9/2018,53.34,FXE
8/8/2018,48.1,FXE
8/7/2018,50.33,FXE
8/6/2018,54.2,FXE
8/3/2018,55.07,FXE
8/2/2018,53.33,FXE
8/1/2018,43.73,FXE
7/31/2018,39.47,FXE
7/30/2018,41.2,FXE
7/27/2018,46.76,FXE
7/26/2018,48.34,FXE
7/25/2018,41.04,FXE
7/24/2018,44.16,FXE
7/23/2018,42.39,FXE
7/20/2018,39.58,FXE
7/19/2018,45.95,FXE
7/18/2018,46.62,FXE
7/17/2018,46.19,FXE
7/16/2018,41.04,FXE
7/13/2018,43.01,FXE
7/12/2018,44.81,FXE
7/11/2018,44.76,FXE
7/10/2018,41.27,FXE
7/9/2018,41.96,FXE
7/6/2018,41.36,FXE
7/5/2018,43.45,FXE
7/4/2018,45.46,FXE
7/3/2018,44.1,FXE
7/2/2018,46.19,FXE
6/29/2018,42.56,FXE
6/28/2018,49.06,FXE
6/27/2018,49.68,FXE
6/26/2018,44.75,FXE
6/25/2018,42.63,FXE
6/22/2018,45.07,FXE
6/21/2018,47.73,FXE
6/20/2018,48.13,FXE
6/19/2018,47.66,FXE
6/18/2018,46.34,FXE
6/15/2018,48.49,FXE
6/14/2018,54.74,FXE
6/13/2018,41.01,FXE
6/12/2018,45.32,FXE
6/11/2018,43,FXE
6/8/2018,43.82,FXE
6/7/2018,40.61,FXE
6/6/2018,42.53,FXE
6/5/2018,45.21,FXE
6/4/2018,46.99,FXE
6/1/2018,44.49,FXE
5/31/2018,44.83,FXE
5/30/2018,43.55,FXE
5/29/2018,52.92,FXE
5/28/2018,53.45,FXE
5/25/2018,53.47,FXE
5/24/2018,48.75,FXE
5/23/2018,52.32,FXE
5/22/2018,48.55,FXE
5/21/2018,44.87,FXE
5/18/2018,48.02,FXE
5/17/2018,45.89,FXE
5/16/2018,44.4,FXE
5/15/2018,45.67,FXE
5/14/2018,44.94,FXE
5/11/2018,43.17,FXE
5/10/2018,43.89,FXE
5/9/2018,44.8,FXE
5/8/2018,45.98,FXE
5/7/2018,45.15,FXE
5/4/2018,43.3,FXE
5/3/2018,43.01,FXE
5/2/2018,44.13,FXE
5/1/2018,42.93,FXE
4/30/2018,41,FXE
4/27/2018,36.32,FXE
4/26/2018,40.88,FXE
4/25/2018,39.59,FXE
4/24/2018,36.57,FXE
4/23/2018,37.58,FXE
4/20/2018,32.04,FXE
4/19/2018,29.01,FXE
4/18/2018,26.39,FXE
4/17/2018,27.36,FXE
4/16/2018,26.81,FXE
4/13/2018,28.26,FXE
4/12/2018,28.82,FXE
4/11/2018,26.38,FXE
4/10/2018,28.7,FXE
4/9/2018,30.7,FXE
4/6/2018,32.24,FXE
4/5/2018,35.5,FXE
4/4/2018,32.15,FXE
4/3/2018,33.74,FXE
4/2/2018,32.36,FXE
3/30/2018,29.79,FXE
3/29/2018,31.21,FXE
3/28/2018,29.69,FXE
3/27/2018,27,FXE
3/26/2018,23.24,FXE
3/23/2018,26.58,FXE
3/22/2018,30.74,FXE
3/21/2018,26.64,FXE
3/20/2018,32.97,FXE
3/19/2018,27.22,FXE
3/16/2018,29.4,FXE
3/15/2018,30.63,FXE
3/14/2018,27.48,FXE
3/13/2018,24.4,FXE
3/12/2018,28.3,FXE
3/9/2018,29.39,FXE
3/8/2018,29.61,FXE
3/7/2018,25.04,FXE
3/6/2018,25.83,FXE
3/5/2018,26.56,FXE
3/2/2018,26.83,FXE
3/1/2018,31.11,FXE
2/28/2018,34,FXE
2/27/2018,34.79,FXE
2/26/2018,32.09,FXE
2/23/2018,33.05,FXE
2/22/2018,31.14,FXE
2/21/2018,32.4,FXE
2/20/2018,30.29,FXE
2/19/2018,25.37,FXE
2/16/2018,25.4,FXE
2/15/2018,22.56,FXE
2/14/2018,25.51,FXE
2/13/2018,28.63,FXE
2/12/2018,31.06,FXE
2/9/2018,32.26,FXE
2/8/2018,32.01,FXE
2/7/2018,32.5,FXE
2/6/2018,24.89,FXE
2/5/2018,26.43,FXE
2/2/2018,23.41,FXE
2/1/2018,21.04,FXE
1/31/2018,25.85,FXE
1/30/2018,25.99,FXE
1/29/2018,26.03,FXE
1/26/2018,23.67,FXE
1/25/2018,22.76,FXE
1/24/2018,22.2,FXE
1/23/2018,21.3,FXE
1/22/2018,22.66,FXE
1/19/2018,23.34,FXE
1/18/2018,21.64,FXE
1/17/2018,23.95,FXE
1/16/2018,21.81,FXE
1/15/2018,22.49,FXE
1/12/2018,19.93,FXE
1/11/2018,21.5,FXE
1/10/2018,25.23,FXE
1/9/2018,27.84,FXE
1/8/2018,24.89,FXE
1/5/2018,20.43,FXE
1/4/2018,19.03,FXE
1/3/2018,21.64,FXE
1/2/2018,20.74,FXE
1/1/2018,18.75,FXE
12/29/2017,18.75,FXE
12/28/2017,21.01,FXE
12/27/2017,23.69,FXE
12/26/2017,25.53,FXE
12/22/2017,24.51,FXE
12/21/2017,24.61,FXE
12/20/2017,23.76,FXE
12/19/2017,26.16,FXE
12/18/2017,31.28,FXE
12/15/2017,34.37,FXE
12/14/2017,32.89,FXE
12/13/2017,29.71,FXE
12/12/2017,36.45,FXE
12/11/2017,33.56,FXE
12/8/2017,32.89,FXE
12/7/2017,32.82,FXE
12/6/2017,31.56,FXE
12/5/2017,29.91,FXE
12/4/2017,27.85,FXE
12/1/2017,25.62,FXE
11/30/2017,25.88,FXE
11/29/2017,29.17,FXE
11/28/2017,27.11,FXE
11/27/2017,24.29,FXE
11/24/2017,21.69,FXE
11/23/2017,23.86,FXE
11/22/2017,26.04,FXE
11/21/2017,30.13,FXE
11/20/2017,30.71,FXE
11/17/2017,26.89,FXE
11/16/2017,27.36,FXE
11/15/2017,25.36,FXE
11/14/2017,24,FXE
11/13/2017,27.85,FXE
11/10/2017,29.08,FXE
11/9/2017,30.85,FXE
11/8/2017,33.55,FXE
11/7/2017,33.75,FXE
11/6/2017,33.5,FXE
11/3/2017,32.46,FXE
11/2/2017,30.23,FXE
11/1/2017,32.43,FXE
10/31/2017,32.57,FXE
10/30/2017,33.87,FXE
10/27/2017,37.05,FXE
10/26/2017,36.78,FXE
10/25/2017,28.73,FXE
10/24/2017,32.05,FXE
10/23/2017,32.98,FXE
10/20/2017,30.47,FXE
10/19/2017,27.1,FXE
10/18/2017,31.21,FXE
10/17/2017,32.78,FXE
10/16/2017,31.01,FXE
10/13/2017,30.55,FXE
10/12/2017,29.73,FXE
10/11/2017,28.2,FXE
10/10/2017,30.98,FXE
10/9/2017,33.66,FXE
10/6/2017,33.69,FXE
10/5/2017,36.27,FXE
10/4/2017,31.95,FXE
10/3/2017,31.93,FXE
10/2/2017,33.83,FXE
9/29/2017,29.71,FXE
9/28/2017,33.11,FXE
9/27/2017,34.34,FXE
9/26/2017,33.84,FXE
9/25/2017,33.47,FXE
9/22/2017,25.64,FXE
9/21/2017,27.26,FXE
9/20/2017,30.63,FXE
9/19/2017,26.22,FXE
9/18/2017,28.05,FXE
9/15/2017,28.08,FXE
9/14/2017,30.94,FXE
9/13/2017,33.69,FXE
9/12/2017,29.88,FXE
9/11/2017,28.92,FXE
9/8/2017,24.23,FXE
9/7/2017,22.83,FXE
9/6/2017,27.78,FXE
9/5/2017,27.85,FXE
9/4/2017,28.13,FXE
9/1/2017,30.49,FXE
8/31/2017,30.27,FXE
8/30/2017,29.54,FXE
8/29/2017,24.79,FXE
8/28/2017,20.43,FXE
8/25/2017,19.78,FXE
8/24/2017,24.24,FXE
8/23/2017,23.33,FXE
8/22/2017,28.31,FXE
8/21/2017,21.98,FXE
8/18/2017,24.96,FXE
8/17/2017,26.97,FXE
8/16/2017,26.61,FXE
8/15/2017,27.13,FXE
8/14/2017,28.71,FXE
8/11/2017,23.34,FXE
8/10/2017,23.98,FXE
8/9/2017,23.88,FXE
8/8/2017,24.74,FXE
8/7/2017,24.24,FXE
8/4/2017,25.56,FXE
8/3/2017,22.93,FXE
8/2/2017,23.24,FXE
8/1/2017,25.15,FXE
7/31/2017,21.24,FXE
7/28/2017,21.74,FXE
7/27/2017,27.54,FXE
7/26/2017,21.46,FXE
7/25/2017,22.82,FXE
7/24/2017,22.63,FXE
7/21/2017,20.14,FXE
7/20/2017,20.21,FXE
7/19/2017,26.44,FXE
7/18/2017,21.66,FXE
7/17/2017,22.15,FXE
7/14/2017,21.97,FXE
7/13/2017,26.9,FXE
7/12/2017,26.24,FXE
7/11/2017,20.62,FXE
7/10/2017,24.42,FXE
7/7/2017,23.05,FXE
7/6/2017,22.1,FXE
7/5/2017,29.08,FXE
7/4/2017,28.7,FXE
7/3/2017,27.55,FXE
6/30/2017,20.32,FXE
6/29/2017,19.32,FXE
6/28/2017,19.99,FXE
6/27/2017,18.76,FXE
6/26/2017,28.75,FXE
6/23/2017,25.72,FXE
6/22/2017,30.73,FXE
6/21/2017,29.66,FXE
6/20/2017,31.92,FXE
6/19/2017,31.11,FXE
6/16/2017,25.04,FXE
6/15/2017,32.04,FXE
6/14/2017,24.04,FXE
6/13/2017,26.15,FXE
6/12/2017,26.68,FXE
6/9/2017,26.78,FXE
6/8/2017,27.18,FXE
6/7/2017,22.7,FXE
6/6/2017,23.87,FXE
6/5/2017,26.3,FXE
6/2/2017,22.58,FXE
6/1/2017,26.06,FXE
5/31/2017,23.9,FXE
5/30/2017,25.98,FXE
5/29/2017,27.58,FXE
5/26/2017,27.57,FXE
5/25/2017,26.14,FXE
5/24/2017,27.12,FXE
5/23/2017,28.2,FXE
5/22/2017,24.99,FXE
5/19/2017,22.48,FXE
5/18/2017,26.9,FXE
5/17/2017,24.67,FXE
5/16/2017,24.86,FXE
5/15/2017,29.33,FXE
5/12/2017,33.9,FXE
5/11/2017,39.42,FXE
5/10/2017,39.84,FXE
5/9/2017,39.05,FXE
5/8/2017,36.27,FXE
5/5/2017,32.28,FXE
5/4/2017,28.95,FXE
5/3/2017,36.82,FXE
5/2/2017,33.16,FXE
5/1/2017,35.39,FXE
4/28/2017,35.45,FXE
4/27/2017,38.01,FXE
4/26/2017,35.21,FXE
4/25/2017,29.5,FXE
4/24/2017,35.71,FXE
4/21/2017,46.96,FXE
4/20/2017,45.37,FXE
4/19/2017,46.58,FXE
4/18/2017,46.98,FXE
4/17/2017,55.55,FXE
4/14/2017,60.08,FXE
4/13/2017,59.85,FXE
4/12/2017,54.83,FXE
4/11/2017,58.34,FXE
4/10/2017,59.79,FXE
4/7/2017,60.99,FXE
4/6/2017,53.47,FXE
4/5/2017,51.52,FXE
4/4/2017,50.44,FXE
4/3/2017,51.48,FXE
3/31/2017,49.69,FXE
3/30/2017,48.3,FXE
3/29/2017,41.19,FXE
3/28/2017,37.16,FXE
3/27/2017,31.72,FXE
3/24/2017,32.38,FXE
3/23/2017,34.76,FXE
3/22/2017,32.48,FXE
3/21/2017,29.7,FXE
3/20/2017,37.19,FXE
3/17/2017,36.28,FXE
3/16/2017,35.31,FXE
3/15/2017,38.24,FXE
3/14/2017,46.6,FXE
3/13/2017,40.38,FXE
3/10/2017,36.5,FXE
3/9/2017,48.17,FXE
3/8/2017,53.12,FXE
3/7/2017,50.2,FXE
3/6/2017,47.95,FXE
3/3/2017,45.3,FXE
3/2/2017,58.2,FXE
3/1/2017,52.55,FXE
2/28/2017,46.88,FXE
2/27/2017,47.08,FXE
2/24/2017,51.97,FXE
2/23/2017,51.85,FXE
2/22/2017,54.91,FXE
2/21/2017,59.15,FXE
2/20/2017,49.12,FXE
2/17/2017,48.44,FXE
2/16/2017,41.14,FXE
2/15/2017,48.65,FXE
2/14/2017,54.1,FXE
2/13/2017,53.33,FXE
2/10/2017,49.37,FXE
2/9/2017,47.4,FXE
2/8/2017,42.52,FXE
2/7/2017,44.92,FXE
2/6/2017,41.24,FXE
2/3/2017,34.64,FXE
2/2/2017,36.25,FXE
2/1/2017,35.93,FXE
1/31/2017,31.21,FXE
1/30/2017,40.3,FXE
1/27/2017,41.02,FXE
1/26/2017,43.56,FXE
1/25/2017,36.74,FXE
1/24/2017,38.42,FXE
1/23/2017,36.15,FXE
1/20/2017,39.13,FXE
1/19/2017,43.53,FXE
1/18/2017,44.74,FXE
1/17/2017,37.35,FXE
1/16/2017,46.63,FXE
1/13/2017,43.77,FXE
1/12/2017,43.09,FXE
1/11/2017,46.74,FXE
1/10/2017,46.54,FXE
1/9/2017,46.41,FXE
1/6/2017,48.51,FXE
1/5/2017,43.2,FXE
1/4/2017,49.26,FXE
1/3/2017,58.37,FXE
12/30/2016,51.68,FXE
12/29/2016,49.29,FXE
12/28/2016,58.89,FXE
12/27/2016,51.91,FXE
12/23/2016,53.22,FXE
12/22/2016,55.48,FXE
12/21/2016,56.79,FXE
12/20/2016,59.9,FXE
12/19/2016,62.02,FXE
12/16/2016,58.33,FXE
12/15/2016,61.07,FXE
12/14/2016,63.31,FXE
12/13/2016,56.96,FXE
12/12/2016,56.04,FXE
12/9/2016,66.02,FXE
12/8/2016,62.96,FXE
12/7/2016,48.87,FXE
12/6/2016,53.15,FXE
12/5/2016,47.62,FXE
12/2/2016,59.04,FXE
12/1/2016,59.57,FXE
11/30/2016,66.85,FXE
11/29/2016,61.12,FXE
11/28/2016,66.12,FXE
11/25/2016,64.33,FXE
11/24/2016,67.47,FXE
11/23/2016,70.23,FXE
11/22/2016,67.06,FXE
11/21/2016,66.05,FXE
11/18/2016,70.41,FXE
11/17/2016,71.53,FXE
11/16/2016,68.58,FXE
11/15/2016,67.14,FXE
11/14/2016,65.57,FXE
11/11/2016,63.74,FXE
11/10/2016,60.68,FXE
11/9/2016,57.24,FXE
11/8/2016,43.56,FXE
11/7/2016,42.68,FXE
11/4/2016,36.55,FXE
11/3/2016,38.4,FXE
11/2/2016,38.98,FXE
11/1/2016,41.78,FXE
10/31/2016,52.28,FXE
10/28/2016,49.73,FXE
10/27/2016,58.71,FXE
10/26/2016,58.05,FXE
10/25/2016,61.51,FXE
10/24/2016,63.23,FXE
10/21/2016,64.66,FXE
10/20/2016,64.4,FXE
10/19/2016,62.84,FXE
10/18/2016,59.96,FXE
10/17/2016,57.81,FXE
10/14/2016,62.43,FXE
10/13/2016,55.08,FXE
10/12/2016,59.96,FXE
10/11/2016,56.37,FXE
10/10/2016,48.62,FXE
10/7/2016,40.96,FXE
10/6/2016,49.68,FXE
10/5/2016,39.49,FXE
10/4/2016,42.39,FXE
10/3/2016,40.79,FXE
9/30/2016,36.07,FXE
9/29/2016,39.67,FXE
9/28/2016,41.37,FXE
9/27/2016,40.68,FXE
9/26/2016,35.39,FXE
9/23/2016,39.52,FXE
9/22/2016,43,FXE
9/21/2016,46.66,FXE
9/20/2016,48.52,FXE
9/19/2016,47.28,FXE
9/16/2016,50.51,FXE
9/15/2016,39.27,FXE
9/14/2016,37.46,FXE
9/13/2016,40.61,FXE
9/12/2016,40.22,FXE
9/9/2016,39.68,FXE
9/8/2016,37.73,FXE
9/7/2016,38.98,FXE
9/6/2016,35.78,FXE
9/5/2016,46.55,FXE
9/2/2016,45.62,FXE
9/1/2016,39.79,FXE
8/31/2016,43.93,FXE
8/30/2016,45.05,FXE
8/29/2016,42.06,FXE
8/26/2016,39.96,FXE
8/25/2016,34.13,FXE
8/24/2016,35.66,FXE
8/23/2016,31.03,FXE
8/22/2016,29.2,FXE
8/19/2016,28.06,FXE
8/18/2016,27.3,FXE
8/17/2016,31.33,FXE
8/16/2016,31.09,FXE
8/15/2016,37.64,FXE
8/12/2016,39.73,FXE
8/11/2016,41.9,FXE
8/10/2016,38.27,FXE
8/9/2016,43.68,FXE
8/8/2016,45.44,FXE
8/5/2016,44.72,FXE
8/4/2016,41.4,FXE
8/3/2016,38.5,FXE
8/2/2016,32.78,FXE
8/1/2016,36.43,FXE
7/29/2016,33.11,FXE
7/28/2016,41.42,FXE
7/27/2016,42.99,FXE
7/26/2016,48.69,FXE
7/25/2016,47.05,FXE
7/22/2016,53.47,FXE
7/21/2016,47.88,FXE
7/20/2016,49.5,FXE
7/19/2016,50.44,FXE
7/18/2016,41.33,FXE
7/15/2016,46.41,FXE
7/14/2016,38.12,FXE
7/13/2016,37.92,FXE
7/12/2016,43.71,FXE
7/11/2016,41.57,FXE
7/8/2016,43.98,FXE
7/7/2016,43.87,FXE
7/6/2016,39.06,FXE
7/5/2016,44.8,FXE
7/4/2016,36.18,FXE
7/1/2016,38,FXE
6/30/2016,40.74,FXE
6/29/2016,39,FXE
6/28/2016,42.53,FXE
6/27/2016,46.17,FXE
6/24/2016,44.62,FXE
6/23/2016,40.7,FXE
6/22/2016,41.85,FXE
6/21/2016,44.21,FXE
6/20/2016,40.87,FXE
6/17/2016,41,FXE
6/16/2016,44.31,FXE
6/15/2016,42.65,FXE
6/14/2016,46.19,FXE
6/13/2016,41.88,FXE
6/10/2016,43.96,FXE
6/9/2016,40.9,FXE
6/8/2016,36.51,FXE
6/7/2016,38.87,FXE
6/6/2016,38.86,FXE
6/3/2016,38.48,FXE
6/2/2016,50.26,FXE
6/1/2016,45.3,FXE
5/31/2016,50.19,FXE
5/30/2016,48.33,FXE
5/27/2016,52.53,FXE
5/26/2016,48.12,FXE
5/25/2016,50.6,FXE
5/24/2016,51.03,FXE
5/23/2016,46.48,FXE
5/20/2016,47.04,FXE
5/19/2016,46.85,FXE
5/18/2016,46.24,FXE
5/17/2016,41.74,FXE
5/16/2016,40.56,FXE
5/13/2016,42.64,FXE
5/12/2016,40.8,FXE
5/11/2016,36.8,FXE
5/10/2016,38.54,FXE
5/9/2016,37.09,FXE
5/6/2016,36.36,FXE
5/5/2016,36.31,FXE
5/4/2016,29.73,FXE
5/3/2016,29.55,FXE
5/2/2016,27.25,FXE
4/29/2016,27.04,FXE
4/28/2016,33.09,FXE
4/27/2016,34.29,FXE
4/26/2016,36.83,FXE
4/25/2016,38.04,FXE
4/22/2016,41.21,FXE
4/21/2016,36.88,FXE
4/20/2016,36.82,FXE
4/19/2016,33.04,FXE
4/18/2016,36.28,FXE
4/15/2016,37.9,FXE
4/14/2016,39.21,FXE
4/13/2016,39,FXE
4/12/2016,32.52,FXE
4/11/2016,30.92,FXE
4/8/2016,30.39,FXE
4/7/2016,32.05,FXE
4/6/2016,30.11,FXE
4/5/2016,28.88,FXE
4/4/2016,28.85,FXE
4/1/2016,28.99,FXE
3/31/2016,29.43,FXE
3/30/2016,32.27,FXE
3/29/2016,35.29,FXE
3/28/2016,41.23,FXE
3/25/2016,42.53,FXE
3/24/2016,41.41,FXE
3/23/2016,40.87,FXE
3/22/2016,38.51,FXE
3/21/2016,38.05,FXE
3/18/2016,35.18,FXE
3/17/2016,31.81,FXE
3/16/2016,36.27,FXE
3/15/2016,41.77,FXE
3/14/2016,43.97,FXE
3/11/2016,37.85,FXE
3/10/2016,32.86,FXE
3/9/2016,43.45,FXE
3/8/2016,44.71,FXE
3/7/2016,44.52,FXE
3/4/2016,44.93,FXE
3/3/2016,46.5,FXE
3/2/2016,50.97,FXE
3/1/2016,51.79,FXE
2/29/2016,51.97,FXE
2/26/2016,51.79,FXE
2/25/2016,44.89,FXE
2/24/2016,44.95,FXE
2/23/2016,45.22,FXE
2/22/2016,46.71,FXE
2/19/2016,39.01,FXE
2/18/2016,42.12,FXE
2/17/2016,40.73,FXE
2/16/2016,40.25,FXE
2/15/2016,40,FXE
2/12/2016,35.87,FXE
2/11/2016,33.02,FXE
2/10/2016,32.91,FXE
2/9/2016,31.6,FXE
2/8/2016,33.19,FXE
2/5/2016,35.04,FXE
2/4/2016,31.15,FXE
2/3/2016,31.65,FXE
2/2/2016,37.82,FXE
2/1/2016,39.43,FXE
1/29/2016,49.14,FXE
1/28/2016,36.25,FXE
1/27/2016,40.98,FXE
1/26/2016,42.62,FXE
1/25/2016,42.75,FXE
1/22/2016,48.97,FXE
1/21/2016,42.03,FXE
1/20/2016,42.96,FXE
1/19/2016,39.35,FXE
1/18/2016,41.78,FXE
1/15/2016,38.01,FXE
1/14/2016,44.02,FXE
1/13/2016,42.5,FXE
1/12/2016,44.51,FXE
1/11/2016,44.72,FXE
1/8/2016,39.58,FXE
1/7/2016,38.52,FXE
1/6/2016,44.07,FXE
1/5/2016,49.72,FXE
1/4/2016,46.72,FXE
12/31/2015,43.33,FXE
12/30/2015,38.81,FXE
12/29/2015,38.62,FXE
12/28/2015,37.06,FXE
12/24/2015,38.26,FXE
12/23/2015,41.2,FXE
12/22/2015,37.05,FXE
12/21/2015,39.77,FXE
12/18/2015,41.7,FXE
12/17/2015,47.11,FXE
12/16/2015,42.74,FXE
12/15/2015,45.16,FXE
12/14/2015,37.42,FXE
12/11/2015,36.57,FXE
12/10/2015,39.22,FXE
12/9/2015,34.98,FXE
12/8/2015,39.45,FXE
12/7/2015,43.74,FXE
12/4/2015,40.98,FXE
12/3/2015,34.98,FXE
12/2/2015,51.04,FXE
12/1/2015,48.91,FXE
11/30/2015,57.55,FXE
11/27/2015,55.07,FXE
11/26/2015,55.97,FXE
11/25/2015,54.59,FXE
11/24/2015,53.5,FXE
11/23/2015,55.21,FXE
11/20/2015,58.05,FXE
11/19/2015,49.39,FXE
11/18/2015,53.75,FXE
11/17/2015,56.01,FXE
11/16/2015,56.28,FXE
11/13/2015,53.21,FXE
11/12/2015,48.02,FXE
11/11/2015,51.32,FXE
11/10/2015,52.68,FXE
11/9/2015,53.06,FXE
11/6/2015,56.8,FXE
11/5/2015,55.56,FXE
11/4/2015,57.22,FXE
11/3/2015,53.34,FXE
11/2/2015,49.69,FXE
10/30/2015,50.46,FXE
10/29/2015,50.26,FXE
10/28/2015,55.74,FXE
10/27/2015,53.53,FXE
10/26/2015,52.44,FXE
10/23/2015,57.8,FXE
10/22/2015,55.69,FXE
10/21/2015,38.75,FXE
10/20/2015,38.28,FXE
10/19/2015,37.6,FXE
10/16/2015,35.46,FXE
10/15/2015,34.9,FXE
10/14/2015,29.25,FXE
10/13/2015,32.63,FXE
10/12/2015,34.14,FXE
10/9/2015,33.25,FXE
10/8/2015,39.94,FXE
10/7/2015,43.09,FXE
10/6/2015,37.32,FXE
10/5/2015,49,FXE
10/2/2015,44.17,FXE
10/1/2015,45.43,FXE
9/30/2015,47.82,FXE
9/29/2015,40.04,FXE
9/28/2015,37.54,FXE
9/25/2015,41.46,FXE
9/24/2015,42.5,FXE
9/23/2015,46.27,FXE
9/22/2015,49.04,FXE
9/21/2015,46.76,FXE
9/18/2015,43.29,FXE
9/17/2015,36.48,FXE
9/16/2015,42.85,FXE
9/15/2015,43.37,FXE
9/14/2015,37.71,FXE
9/11/2015,35.94,FXE
9/10/2015,37.93,FXE
9/9/2015,40.71,FXE
9/8/2015,42.02,FXE
9/7/2015,42.49,FXE
9/4/2015,44.44,FXE
9/3/2015,45.61,FXE
9/2/2015,44.29,FXE
9/1/2015,42.52,FXE
8/31/2015,42.3,FXE
8/28/2015,42.35,FXE
8/27/2015,39.58,FXE
8/26/2015,37.72,FXE
8/25/2015,34.33,FXE
8/24/2015,30.95,FXE
8/21/2015,24.98,FXE
8/20/2015,29.97,FXE
8/19/2015,35.48,FXE
8/18/2015,41.61,FXE
8/17/2015,37.57,FXE
8/14/2015,34.6,FXE
8/13/2015,33.32,FXE
8/12/2015,29.39,FXE
8/11/2015,36.2,FXE
8/10/2015,36.77,FXE
8/7/2015,38.68,FXE
8/6/2015,41.42,FXE
8/5/2015,43.5,FXE
8/4/2015,46.35,FXE
8/3/2015,41.12,FXE
7/31/2015,40.06,FXE
7/30/2015,41.93,FXE
7/29/2015,40.29,FXE
7/28/2015,38.07,FXE
7/27/2015,34.78,FXE
7/24/2015,39.59,FXE
7/23/2015,39.21,FXE
7/22/2015,44.44,FXE
7/21/2015,42.14,FXE
7/20/2015,48.43,FXE
7/17/2015,50.52,FXE
7/16/2015,49.13,FXE
7/15/2015,47.57,FXE
7/14/2015,44.63,FXE
7/13/2015,46.27,FXE
7/10/2015,39.28,FXE
7/9/2015,42,FXE
7/8/2015,35.81,FXE
7/7/2015,40.04,FXE
7/6/2015,38.7,FXE
7/3/2015,38.87,FXE
7/2/2015,39.73,FXE
7/1/2015,41.02,FXE
6/30/2015,36.74,FXE
6/29/2015,31.81,FXE
6/26/2015,38.55,FXE
6/25/2015,37.22,FXE
6/24/2015,38.44,FXE
6/23/2015,41.44,FXE
6/22/2015,36.55,FXE
6/19/2015,33.41,FXE
6/18/2015,33.27,FXE
6/17/2015,33.39,FXE
6/16/2015,37.23,FXE
6/15/2015,35.01,FXE
6/12/2015,35.89,FXE
6/11/2015,37.48,FXE
6/10/2015,35.01,FXE
6/9/2015,35.94,FXE
6/8/2015,34.11,FXE
6/5/2015,36.51,FXE
6/4/2015,37.57,FXE
6/3/2015,34.9,FXE
6/2/2015,35.97,FXE
6/1/2015,40.87,FXE
5/29/2015,39.11,FXE
5/28/2015,40.05,FXE
5/27/2015,40.89,FXE
5/26/2015,43.02,FXE
5/25/2015,43.2,FXE
5/22/2015,43.82,FXE
5/21/2015,43.11,FXE
5/20/2015,40.64,FXE
5/19/2015,40.16,FXE
5/18/2015,37.33,FXE
5/15/2015,28.94,FXE
5/14/2015,30.51,FXE
5/13/2015,28.52,FXE
5/12/2015,35.53,FXE
5/11/2015,35.82,FXE
5/8/2015,34.03,FXE
5/7/2015,33.34,FXE
5/6/2015,27.68,FXE
5/5/2015,30.73,FXE
5/4/2015,29.99,FXE
5/1/2015,29.65,FXE
4/30/2015,27.61,FXE
4/29/2015,30.56,FXE
4/28/2015,31.25,FXE
4/27/2015,34.52,FXE
4/24/2015,33.68,FXE
4/23/2015,32.23,FXE
4/22/2015,41.51,FXE
4/21/2015,38.31,FXE
4/20/2015,39.34,FXE
4/17/2015,37.39,FXE
4/16/2015,38.67,FXE
4/15/2015,41.4,FXE
4/14/2015,42.88,FXE
4/13/2015,45.33,FXE
4/10/2015,47.02,FXE
4/9/2015,45.71,FXE
4/8/2015,41.04,FXE
4/7/2015,39.92,FXE
4/6/2015,33.27,FXE
4/3/2015,33.99,FXE
4/2/2015,32.22,FXE
4/1/2015,36.58,FXE
3/31/2015,37.69,FXE
3/30/2015,38.01,FXE
3/27/2015,36.32,FXE
3/26/2015,37.74,FXE
3/25/2015,34.75,FXE
3/24/2015,35.84,FXE
3/23/2015,33.94,FXE
3/20/2015,36.39,FXE
3/19/2015,43.29,FXE
3/18/2015,38.61,FXE
3/17/2015,35.92,FXE
3/16/2015,36.32,FXE
3/13/2015,44.03,FXE
3/12/2015,37.95,FXE
3/11/2015,44.29,FXE
3/10/2015,51.48,FXE
3/9/2015,51.11,FXE
3/6/2015,56.3,FXE
3/5/2015,53.59,FXE
3/4/2015,59.32,FXE
3/3/2015,52.73,FXE
3/2/2015,51.9,FXE
2/27/2015,55,FXE
2/26/2015,56.92,FXE
2/25/2015,43.45,FXE
2/24/2015,45.24,FXE
2/23/2015,46.49,FXE
2/20/2015,42.2,FXE
2/19/2015,43.64,FXE
2/18/2015,41.77,FXE
2/17/2015,37.97,FXE
2/16/2015,40.83,FXE
2/13/2015,38.52,FXE
2/12/2015,36.95,FXE
2/11/2015,41.64,FXE
2/10/2015,40.95,FXE
2/9/2015,40.45,FXE
2/6/2015,43.1,FXE
2/5/2015,34.87,FXE
2/4/2015,39.3,FXE
2/3/2015,33.89,FXE
2/2/2015,37.28,FXE
1/30/2015,39.57,FXE
1/29/2015,37.19,FXE
1/28/2015,39.94,FXE
1/27/2015,37.04,FXE
1/26/2015,38.03,FXE
1/23/2015,44.65,FXE
1/22/2015,51.8,FXE
1/21/2015,48.76,FXE
1/20/2015,50.45,FXE
1/19/2015,47.41,FXE
1/16/2015,54.25,FXE
1/15/2015,56.93,FXE
1/14/2015,55.31,FXE
1/13/2015,58.32,FXE
1/12/2015,51.87,FXE
1/9/2015,51.24,FXE
1/8/2015,54.37,FXE
1/7/2015,56.61,FXE
1/6/2015,59.56,FXE
1/5/2015,58.45,FXE
1/2/2015,64.17,FXE
12/31/2014,63.02,FXE
12/30/2014,59.96,FXE
12/29/2014,60.74,FXE
12/26/2014,60.74,FXE
12/24/2014,60.12,FXE
12/23/2014,63.51,FXE
12/22/2014,63.18,FXE
12/19/2014,63.48,FXE
12/18/2014,61.31,FXE
12/17/2014,55.72,FXE
12/16/2014,44.61,FXE
12/15/2014,46.99,FXE
12/12/2014,44.38,FXE
12/11/2014,48.67,FXE
12/10/2014,42.63,FXE
12/9/2014,47.2,FXE
12/8/2014,53.85,FXE
12/5/2014,58.99,FXE
12/4/2014,52.12,FXE
12/3/2014,61.65,FXE
12/2/2014,57.77,FXE
12/1/2014,46.45,FXE
11/28/2014,49,FXE
11/27/2014,47.58,FXE
11/26/2014,45.03,FXE
11/25/2014,47.53,FXE
11/24/2014,51.22,FXE
11/21/2014,60.18,FXE
11/20/2014,46.72,FXE
11/19/2014,46.75,FXE
11/18/2014,46.41,FXE
11/17/2014,55.49,FXE
11/14/2014,49,FXE
11/13/2014,49.06,FXE
11/12/2014,51.71,FXE
11/11/2014,50.27,FXE
11/10/2014,53,FXE
11/7/2014,52.31,FXE
11/6/2014,58.41,FXE
11/5/2014,54.65,FXE
11/4/2014,50.61,FXE
11/3/2014,55.14,FXE
10/31/2014,57.82,FXE
10/30/2014,52.42,FXE
10/29/2014,52.62,FXE
10/28/2014,47.89,FXE
10/27/2014,50.98,FXE
10/24/2014,54.8,FXE
10/23/2014,55.62,FXE
10/22/2014,57.29,FXE
10/21/2014,55,FXE
10/20/2014,49.37,FXE
10/17/2014,51.82,FXE
10/16/2014,49.28,FXE
10/15/2014,47.82,FXE
10/14/2014,54.41,FXE
10/13/2014,50.87,FXE
10/10/2014,55.56,FXE
10/9/2014,53.61,FXE
10/8/2014,49.07,FXE
10/7/2014,47.65,FXE
10/6/2014,52,FXE
10/3/2014,63.41,FXE
10/2/2014,54.19,FXE
10/1/2014,57.73,FXE
9/30/2014,57.82,FXE
9/29/2014,59.33,FXE
9/26/2014,62.68,FXE
9/25/2014,60.45,FXE
9/24/2014,62.58,FXE
9/23/2014,56.45,FXE
9/22/2014,58.53,FXE
9/19/2014,61.19,FXE
9/18/2014,53.87,FXE
9/17/2014,58.64,FXE
9/16/2014,52.66,FXE
9/15/2014,54.42,FXE
9/12/2014,54.06,FXE
9/11/2014,56.11,FXE
9/10/2014,56.53,FXE
9/9/2014,56.85,FXE
9/8/2014,61.27,FXE
9/5/2014,63.39,FXE
9/4/2014,66.61,FXE
9/3/2014,62.33,FXE
9/2/2014,63.95,FXE
9/1/2014,66.2,FXE
8/29/2014,67.61,FXE
8/28/2014,63.43,FXE
8/27/2014,62.47,FXE
8/26/2014,64.89,FXE
8/25/2014,65.13,FXE
8/22/2014,64.69,FXE
8/21/2014,62.21,FXE
8/20/2014,65.89,FXE
8/19/2014,64.88,FXE
8/18/2014,60.96,FXE
8/15/2014,54.97,FXE
8/14/2014,58.56,FXE
8/13/2014,59.51,FXE
8/12/2014,62.48,FXE
8/11/2014,59.04,FXE
8/8/2014,55.89,FXE
8/7/2014,61.97,FXE
8/6/2014,61.19,FXE
8/5/2014,63.62,FXE
8/4/2014,57.62,FXE
8/1/2014,57.93,FXE
7/31/2014,62.54,FXE
7/30/2014,61.96,FXE
7/29/2014,63.3,FXE
7/28/2014,60.94,FXE
7/25/2014,60.97,FXE
7/24/2014,57.45,FXE
7/23/2014,59.18,FXE
7/22/2014,59.36,FXE
7/21/2014,54.07,FXE
7/18/2014,54.11,FXE
7/17/2014,54.56,FXE
7/16/2014,53.88,FXE
7/15/2014,45.58,FXE
7/14/2014,38.61,FXE
7/11/2014,39.85,FXE
7/10/2014,40.37,FXE
7/9/2014,35.75,FXE
7/8/2014,39.74,FXE
7/7/2014,41.67,FXE
7/4/2014,42.9,FXE
7/3/2014,41.82,FXE
7/2/2014,35.43,FXE
7/1/2014,31.64,FXE
6/30/2014,29.3,FXE
6/27/2014,36.27,FXE
6/26/2014,42.57,FXE
6/25/2014,38.68,FXE
6/24/2014,44.39,FXE
6/23/2014,45.11,FXE
6/20/2014,44.92,FXE
6/19/2014,41.73,FXE
6/18/2014,44.06,FXE
6/17/2014,50.27,FXE
6/16/2014,49.12,FXE
6/13/2014,54.18,FXE
6/12/2014,51.59,FXE
6/11/2014,56.89,FXE
6/10/2014,55.25,FXE
6/9/2014,52.32,FXE
6/6/2014,42.18,FXE
6/5/2014,43.04,FXE
6/4/2014,49.35,FXE
6/3/2014,44.42,FXE
6/2/2014,50.06,FXE
5/30/2014,43.91,FXE
5/29/2014,49.16,FXE
5/28/2014,50.75,FXE
5/27/2014,42.66,FXE
5/26/2014,43.78,FXE
5/23/2014,47.73,FXE
5/22/2014,44.25,FXE
5/21/2014,42.08,FXE
5/20/2014,39.88,FXE
5/19/2014,40.6,FXE
5/16/2014,42.07,FXE
5/15/2014,38.44,FXE
5/14/2014,39.72,FXE
5/13/2014,42.16,FXE
5/12/2014,34.88,FXE
5/9/2014,34.91,FXE
5/8/2014,22.64,FXE
5/7/2014,17.34,FXE
5/6/2014,15.46,FXE
5/5/2014,18.43,FXE
5/2/2014,18.43,FXE
5/1/2014,18.49,FXE
4/30/2014,19.59,FXE
4/29/2014,24.99,FXE
4/28/2014,20.38,FXE
4/25/2014,21.68,FXE
4/24/2014,23.39,FXE
4/23/2014,26.05,FXE
4/22/2014,24.93,FXE
4/21/2014,25.01,FXE
4/18/2014,23.18,FXE
4/17/2014,23.27,FXE
4/16/2014,25.28,FXE
4/15/2014,24.41,FXE
4/14/2014,22.24,FXE
4/11/2014,16.26,FXE
4/10/2014,18.96,FXE
4/9/2014,21.38,FXE
4/8/2014,24.22,FXE
4/7/2014,31.3,FXE
4/4/2014,33.52,FXE
4/3/2014,33.28,FXE
4/2/2014,28.74,FXE
4/1/2014,26.07,FXE
3/31/2014,27.42,FXE
3/28/2014,28.24,FXE
3/27/2014,30.49,FXE
3/26/2014,26.61,FXE
3/25/2014,23.53,FXE
3/24/2014,22.92,FXE
3/21/2014,26.22,FXE
3/20/2014,27.52,FXE
3/19/2014,22.65,FXE
3/18/2014,18.32,FXE
3/17/2014,17.71,FXE
3/14/2014,16.44,FXE
3/13/2014,18.03,FXE
3/12/2014,15.51,FXE
3/11/2014,17.87,FXE
3/10/2014,16.18,FXE
3/7/2014,13.38,FXE
3/6/2014,13.31,FXE
3/5/2014,22.06,FXE
3/4/2014,21.91,FXE
3/3/2014,21.39,FXE
2/28/2014,16.09,FXE
2/27/2014,22.82,FXE
2/26/2014,26.55,FXE
2/25/2014,22.06,FXE
2/24/2014,22.32,FXE
2/21/2014,23.59,FXE
2/20/2014,24.57,FXE
2/19/2014,22.88,FXE
2/18/2014,21.78,FXE
2/17/2014,24.15,FXE
2/14/2014,22.82,FXE
2/13/2014,24.22,FXE
2/12/2014,29.56,FXE
2/11/2014,25.65,FXE
2/10/2014,25.94,FXE
2/7/2014,28.16,FXE
2/6/2014,29.4,FXE
2/5/2014,34.92,FXE
2/4/2014,35.83,FXE
2/3/2014,35.81,FXE
1/31/2014,39.45,FXE
1/30/2014,35.74,FXE
1/29/2014,26.57,FXE
1/28/2014,27.61,FXE
1/27/2014,26.71,FXE
1/24/2014,25.37,FXE
1/23/2014,24.89,FXE
1/22/2014,34.79,FXE
1/21/2014,34.09,FXE
1/20/2014,32.04,FXE
1/17/2014,36.32,FXE
1/16/2014,31.21,FXE
1/15/2014,33.35,FXE
1/14/2014,27.53,FXE
1/13/2014,27.85,FXE
1/10/2014,27.68,FXE
1/9/2014,30.37,FXE
1/8/2014,32.11,FXE
1/7/2014,28.58,FXE
1/6/2014,28.5,FXE
1/3/2014,31.07,FXE
1/2/2014,26.42,FXE
12/31/2013,20.51,FXE
12/30/2013,18.17,FXE
12/27/2013,20.27,FXE
12/26/2013,20.16,FXE
12/24/2013,20.89,FXE
12/23/2013,19.27,FXE
12/20/2013,20.33,FXE
12/19/2013,23.14,FXE
12/18/2013,20.88,FXE
12/17/2013,19.52,FXE
12/16/2013,19.44,FXE
12/13/2013,20.43,FXE
12/12/2013,20.43,FXE
12/11/2013,18.13,FXE
12/10/2013,18.35,FXE
12/9/2013,19.62,FXE
12/6/2013,19.51,FXE
12/5/2013,20.71,FXE
12/4/2013,24.78,FXE
12/3/2013,24.44,FXE
12/2/2013,27.96,FXE
11/29/2013,25.03,FXE
11/28/2013,24.79,FXE
11/27/2013,25.81,FXE
11/26/2013,25.11,FXE
11/25/2013,27.2,FXE
11/22/2013,25.86,FXE
11/21/2013,29.6,FXE
11/20/2013,33.42,FXE
11/19/2013,27.55,FXE
11/18/2013,29.69,FXE
11/15/2013,30.98,FXE
11/14/2013,32.98,FXE
11/13/2013,31.88,FXE
11/12/2013,32.4,FXE
11/11/2013,33.99,FXE
11/8/2013,37.5,FXE
11/7/2013,34.16,FXE
11/6/2013,37.31,FXE
11/5/2013,41.28,FXE
11/4/2013,37.99,FXE
11/1/2013,40.53,FXE
10/31/2013,32.68,FXE
10/30/2013,19.56,FXE
10/29/2013,20.08,FXE
10/28/2013,18.07,FXE
10/25/2013,18.77,FXE
10/24/2013,19,FXE
10/23/2013,18.34,FXE
10/22/2013,17.41,FXE
10/21/2013,19.33,FXE
10/18/2013,18.75,FXE
10/17/2013,19.31,FXE
10/16/2013,26.27,FXE
10/15/2013,27.14,FXE
10/14/2013,24,FXE
10/11/2013,24.65,FXE
10/10/2013,26.77,FXE
10/9/2013,29.04,FXE
10/8/2013,25.38,FXE
10/7/2013,25.21,FXE
10/4/2013,25.94,FXE
10/3/2013,23.01,FXE
10/2/2013,23,FXE
10/1/2013,26.84,FXE
9/30/2013,25.35,FXE
9/27/2013,25.46,FXE
9/26/2013,28.47,FXE
9/25/2013,25.62,FXE
9/24/2013,28.36,FXE
9/23/2013,27.14,FXE
9/20/2013,25.08,FXE
9/19/2013,24.62,FXE
9/18/2013,24.78,FXE
9/17/2013,28.78,FXE
9/16/2013,29.93,FXE
9/13/2013,31.08,FXE
9/12/2013,30.8,FXE
9/11/2013,29.77,FXE
9/10/2013,32.26,FXE
9/9/2013,32.36,FXE
9/6/2013,39.02,FXE
9/5/2013,43.36,FXE
9/4/2013,38.45,FXE
9/3/2013,42.12,FXE
9/2/2013,40.77,FXE
8/30/2013,38.24,FXE
8/29/2013,36.91,FXE
8/28/2013,30.55,FXE
8/27/2013,26.26,FXE
8/26/2013,28.08,FXE
8/23/2013,26.47,FXE
8/22/2013,28.65,FXE
8/21/2013,28.5,FXE
8/20/2013,24.12,FXE
8/19/2013,27.88,FXE
8/16/2013,28.04,FXE
8/15/2013,26.8,FXE
8/14/2013,33.45,FXE
8/13/2013,30.03,FXE
8/12/2013,30.83,FXE
8/9/2013,25.6,FXE
8/8/2013,22.26,FXE
8/7/2013,23.48,FXE
8/6/2013,25.19,FXE
8/5/2013,30.2,FXE
8/2/2013,27.65,FXE
8/1/2013,35.4,FXE
7/31/2013,28.36,FXE
7/30/2013,30.52,FXE
7/29/2013,31.47,FXE
7/26/2013,29.46,FXE
7/25/2013,29.09,FXE
7/24/2013,34.15,FXE
7/23/2013,33.23,FXE
7/22/2013,35.12,FXE
7/19/2013,37.42,FXE
7/18/2013,40.12,FXE
7/17/2013,38.07,FXE
7/16/2013,36.15,FXE
7/15/2013,42.71,FXE
7/12/2013,42.33,FXE
7/11/2013,41.38,FXE
7/10/2013,47.34,FXE
7/9/2013,53.13,FXE
7/8/2013,48.47,FXE
7/5/2013,52.24,FXE
7/4/2013,48.29,FXE
7/3/2013,44.44,FXE
7/2/2013,46.5,FXE
7/1/2013,40.26,FXE
6/28/2013,44.79,FXE
6/27/2013,42.96,FXE
6/26/2013,47.13,FXE
6/25/2013,42.69,FXE
6/24/2013,40.2,FXE
6/21/2013,40.18,FXE
6/20/2013,35,FXE
6/19/2013,31.35,FXE
6/18/2013,26.27,FXE
6/17/2013,30.16,FXE
6/14/2013,31.17,FXE
6/13/2013,30.26,FXE
6/12/2013,28.9,FXE
6/11/2013,28.9,FXE
6/10/2013,31.43,FXE
6/7/2013,32.95,FXE
6/6/2013,31.35,FXE
6/5/2013,37.89,FXE
6/4/2013,38.23,FXE
6/3/2013,37.83,FXE
5/31/2013,42.29,FXE
5/30/2013,36.84,FXE
5/29/2013,43.03,FXE
5/28/2013,50.45,FXE
5/27/2013,44.57,FXE
5/24/2013,44.18,FXE
5/23/2013,43.09,FXE
5/22/2013,49.37,FXE
5/21/2013,47.42,FXE
5/20/2013,48.77,FXE
5/17/2013,52.59,FXE
5/16/2013,51.7,FXE
5/15/2013,54.52,FXE
5/14/2013,52.67,FXE
5/13/2013,51.82,FXE
5/10/2013,53.51,FXE
5/9/2013,48.79,FXE
5/8/2013,32.9,FXE
5/7/2013,40.05,FXE
5/6/2013,41.38,FXE
5/3/2013,37.92,FXE
5/2/2013,42.08,FXE
5/1/2013,33.66,FXE
4/30/2013,34.24,FXE
4/29/2013,33.82,FXE
4/26/2013,37.68,FXE
4/25/2013,38.98,FXE
4/24/2013,39.22,FXE
4/23/2013,42.02,FXE
4/22/2013,38.1,FXE
4/19/2013,37.39,FXE
4/18/2013,37.84,FXE
4/17/2013,41.34,FXE
4/16/2013,30.94,FXE
4/15/2013,36.01,FXE
4/12/2013,33.32,FXE
4/11/2013,35.19,FXE
4/10/2013,35.21,FXE
4/9/2013,32.64,FXE
4/8/2013,36.2,FXE
4/5/2013,36.44,FXE
4/4/2013,38.66,FXE
4/3/2013,48.23,FXE
4/2/2013,50.73,FXE
4/1/2013,47.59,FXE
3/29/2013,52.61,FXE
3/28/2013,52.9,FXE
3/27/2013,57.75,FXE
3/26/2013,55.48,FXE
3/25/2013,56.89,FXE
3/22/2013,43.24,FXE
3/21/2013,50.51,FXE
3/20/2013,44.37,FXE
3/19/2013,51.49,FXE
3/18/2013,45.76,FXE
3/15/2013,40.42,FXE
3/14/2013,43.49,FXE
3/13/2013,48.5,FXE
3/12/2013,44.3,FXE
3/11/2013,43.34,FXE
3/8/2013,46.75,FXE
3/7/2013,41.04,FXE
3/6/2013,48.66,FXE
3/5/2013,45.24,FXE
3/4/2013,46.71,FXE
3/1/2013,46.99,FXE
2/28/2013,45.24,FXE
2/27/2013,42.01,FXE
2/26/2013,44.77,FXE
2/25/2013,44.39,FXE
2/22/2013,42.44,FXE
2/21/2013,42.74,FXE
2/20/2013,40.52,FXE
2/19/2013,36.89,FXE
2/18/2013,38.24,FXE
2/15/2013,37.49,FXE
2/14/2013,37.93,FXE
2/13/2013,36.68,FXE
2/12/2013,36.73,FXE
2/11/2013,37.96,FXE
2/8/2013,39.01,FXE
2/7/2013,38.34,FXE
2/6/2013,32.5,FXE
2/5/2013,29.98,FXE
2/4/2013,32.27,FXE
2/1/2013,27.23,FXE
1/31/2013,26.35,FXE
1/30/2013,26.4,FXE
1/29/2013,26.58,FXE
1/28/2013,28.26,FXE
1/25/2013,27.49,FXE
1/24/2013,27.89,FXE
1/23/2013,32.65,FXE
1/22/2013,32.65,FXE
1/21/2013,32.4,FXE
1/18/2013,31.23,FXE
1/17/2013,28.98,FXE
1/16/2013,31.5,FXE
1/15/2013,29.08,FXE
1/14/2013,28.29,FXE
1/11/2013,26.94,FXE
1/10/2013,28.5,FXE
1/9/2013,40.28,FXE
1/8/2013,39.41,FXE
1/7/2013,37.48,FXE
1/4/2013,39.75,FXE
1/3/2013,41.01,FXE
1/2/2013,36.11,FXE
12/31/2012,31.9,FXE
12/28/2012,29.72,FXE
12/27/2012,29.27,FXE
12/26/2012,30.17,FXE
12/24/2012,29.62,FXE
12/21/2012,30.46,FXE
12/20/2012,29.18,FXE
12/19/2012,30.33,FXE
12/18/2012,29.15,FXE
12/17/2012,29.58,FXE
12/14/2012,25.21,FXE
12/13/2012,28.03,FXE
12/12/2012,29.63,FXE
12/11/2012,32.89,FXE
12/10/2012,40.11,FXE
12/7/2012,39.83,FXE
12/6/2012,36.66,FXE
12/5/2012,28.49,FXE
12/4/2012,24.96,FXE
12/3/2012,27.92,FXE
11/30/2012,30.74,FXE
11/29/2012,31.68,FXE
11/28/2012,35.15,FXE
11/27/2012,35.31,FXE
11/26/2012,33.02,FXE
11/23/2012,31.84,FXE
11/22/2012,36.93,FXE
11/21/2012,39.66,FXE
11/20/2012,42.72,FXE
11/19/2012,43.71,FXE
11/16/2012,48.56,FXE
11/15/2012,44.9,FXE
11/14/2012,47.38,FXE
11/13/2012,49.63,FXE
11/12/2012,50.23,FXE
11/9/2012,52.17,FXE
11/8/2012,49.84,FXE
11/7/2012,49.41,FXE
11/6/2012,49.62,FXE
11/5/2012,50.22,FXE
11/2/2012,49.71,FXE
11/1/2012,42.33,FXE
10/31/2012,41.23,FXE
10/30/2012,39.08,FXE
10/29/2012,44.34,FXE
10/26/2012,41.6,FXE
10/25/2012,42.23,FXE
10/24/2012,40.15,FXE
10/23/2012,39.86,FXE
10/22/2012,34.45,FXE
10/19/2012,36.41,FXE
10/18/2012,32.77,FXE
10/17/2012,29.27,FXE
10/16/2012,31.07,FXE
10/15/2012,37.86,FXE
10/12/2012,36.08,FXE
10/11/2012,35.98,FXE
10/10/2012,40.75,FXE
10/9/2012,44.07,FXE
10/8/2012,38.05,FXE
10/5/2012,33.25,FXE
10/4/2012,32.73,FXE
10/3/2012,39.42,FXE
10/2/2012,37.12,FXE
10/1/2012,37.79,FXE
9/28/2012,42.98,FXE
9/27/2012,39.68,FXE
9/26/2012,42.17,FXE
9/25/2012,38.63,FXE
9/24/2012,39.09,FXE
9/21/2012,37.5,FXE
9/20/2012,38.87,FXE
9/19/2012,34.93,FXE
9/18/2012,36.48,FXE
9/17/2012,32.55,FXE
9/14/2012,31.63,FXE
9/13/2012,30.78,FXE
9/12/2012,32.71,FXE
9/11/2012,29.84,FXE
9/10/2012,31.52,FXE
9/7/2012,28.22,FXE
9/6/2012,31.6,FXE
9/5/2012,34.17,FXE
9/4/2012,39.59,FXE
9/3/2012,34.94,FXE
8/31/2012,34.76,FXE
8/30/2012,39.49,FXE
8/29/2012,37.63,FXE
8/28/2012,32.99,FXE
8/27/2012,38.38,FXE
8/24/2012,36.51,FXE
8/23/2012,33.63,FXE
8/22/2012,35.12,FXE
8/21/2012,33.88,FXE
8/20/2012,43.01,FXE
8/17/2012,46.21,FXE
8/16/2012,40.74,FXE
8/15/2012,50.13,FXE
8/14/2012,46.42,FXE
8/13/2012,45.27,FXE
8/10/2012,49.17,FXE
8/9/2012,50.34,FXE
8/8/2012,44.5,FXE
8/7/2012,40.17,FXE
8/6/2012,40.16,FXE
8/3/2012,38.04,FXE
8/2/2012,53.86,FXE
8/1/2012,50.89,FXE
7/31/2012,45.71,FXE
7/30/2012,51.36,FXE
7/27/2012,46.93,FXE
7/26/2012,46.09,FXE
7/25/2012,51.37,FXE
7/24/2012,60.77,FXE
7/23/2012,55.87,FXE
7/20/2012,63.33,FXE
7/19/2012,55.93,FXE
7/18/2012,54.2,FXE
7/17/2012,53.98,FXE
7/16/2012,54.85,FXE
7/13/2012,58.25,FXE
7/12/2012,59.76,FXE
7/11/2012,61.02,FXE
7/10/2012,60.95,FXE
7/9/2012,57.12,FXE
7/6/2012,63.53,FXE
7/5/2012,61.71,FXE
7/4/2012,51.97,FXE
7/3/2012,46.84,FXE
7/2/2012,51.04,FXE
6/29/2012,43.41,FXE
6/28/2012,53.04,FXE
6/27/2012,54.59,FXE
6/26/2012,50.74,FXE
6/25/2012,50.85,FXE
6/22/2012,47.99,FXE
6/21/2012,51.86,FXE
6/20/2012,40.66,FXE
6/19/2012,40.51,FXE
6/18/2012,50.88,FXE
6/15/2012,40.2,FXE
6/14/2012,38.96,FXE
6/13/2012,41.39,FXE
6/12/2012,48.52,FXE
6/11/2012,52.66,FXE
6/8/2012,47.3,FXE
6/7/2012,45.13,FXE
6/6/2012,45.27,FXE
6/5/2012,50.8,FXE
6/4/2012,45.28,FXE
6/1/2012,52.76,FXE
5/31/2012,57.8,FXE
5/30/2012,60.5,FXE
5/29/2012,59.95,FXE
5/28/2012,62.17,FXE
5/25/2012,63.33,FXE
5/24/2012,62.45,FXE
5/23/2012,61.2,FXE
5/22/2012,61.4,FXE
5/21/2012,50.14,FXE
5/18/2012,53.44,FXE
5/17/2012,60.09,FXE
5/16/2012,59.25,FXE
5/15/2012,63.71,FXE
5/14/2012,61.3,FXE
5/11/2012,56.74,FXE
5/10/2012,54.51,FXE
5/9/2012,54.67,FXE
5/8/2012,50.07,FXE
5/7/2012,43.28,FXE
5/4/2012,48.52,FXE
5/3/2012,42.3,FXE
5/2/2012,42.26,FXE
5/1/2012,34.44,FXE
4/30/2012,34.08,FXE
4/27/2012,32,FXE
4/26/2012,34.69,FXE
4/25/2012,35.24,FXE
4/24/2012,37.35,FXE
4/23/2012,44.39,FXE
4/20/2012,36.21,FXE
4/19/2012,43.29,FXE
4/18/2012,45.6,FXE
4/17/2012,43.34,FXE
4/16/2012,43.04,FXE
4/13/2012,52.9,FXE
4/12/2012,40.23,FXE
4/11/2012,49.2,FXE
4/10/2012,52.3,FXE
4/9/2012,50.68,FXE
4/6/2012,54.2,FXE
4/5/2012,54.86,FXE
4/4/2012,51.3,FXE
4/3/2012,43.77,FXE
4/2/2012,38.08,FXE
3/30/2012,36.32,FXE
3/29/2012,40.34,FXE
3/28/2012,37.68,FXE
3/27/2012,36.02,FXE
3/26/2012,33.04,FXE
3/23/2012,36.1,FXE
3/22/2012,40.63,FXE
3/21/2012,42.25,FXE
3/20/2012,43.78,FXE
3/19/2012,43.21,FXE
3/16/2012,42.32,FXE
3/15/2012,48.37,FXE
3/14/2012,51.16,FXE
3/13/2012,48.87,FXE
3/12/2012,45.56,FXE
3/9/2012,50.2,FXE
3/8/2012,41.26,FXE
3/7/2012,46.87,FXE
3/6/2012,48.55,FXE
3/5/2012,46.63,FXE
3/2/2012,47.56,FXE
3/1/2012,41.3,FXE
2/29/2012,41.44,FXE
2/28/2012,32.81,FXE
2/27/2012,36.3,FXE
2/24/2012,31.4,FXE
2/23/2012,31.19,FXE
2/22/2012,35.62,FXE
2/21/2012,38.78,FXE
2/20/2012,39.81,FXE
2/17/2012,40.11,FXE
2/16/2012,40.95,FXE
2/15/2012,50.4,FXE
2/14/2012,46.03,FXE
2/13/2012,45.17,FXE
2/10/2012,39.73,FXE
2/9/2012,36.46,FXE
2/8/2012,36.35,FXE
2/7/2012,34.05,FXE
2/6/2012,40.03,FXE
2/3/2012,39.8,FXE
2/2/2012,42.6,FXE
2/1/2012,40.64,FXE
1/31/2012,42.2,FXE
1/30/2012,41.93,FXE
1/27/2012,34.28,FXE
1/26/2012,40.81,FXE
1/25/2012,40.21,FXE
1/24/2012,38.68,FXE
1/23/2012,42.52,FXE
1/20/2012,41.84,FXE
1/19/2012,35.77,FXE
1/18/2012,38.52,FXE
1/17/2012,49.47,FXE
1/16/2012,55.98,FXE
1/13/2012,54.17,FXE
1/12/2012,50.43,FXE
1/11/2012,52.48,FXE
1/10/2012,54.46,FXE
1/9/2012,57.26,FXE
1/6/2012,62.95,FXE
1/5/2012,65.07,FXE
1/4/2012,57.68,FXE
1/3/2012,49.61,FXE
1/2/2012,59.57,FXE
12/30/2011,59.05,FXE
12/29/2011,54.38,FXE
12/28/2011,63.07,FXE
12/27/2011,56.1,FXE
12/26/2011,57.9,FXE
12/23/2011,60.03,FXE
12/22/2011,58.02,FXE
12/21/2011,57.98,FXE
12/20/2011,54.11,FXE
12/19/2011,59.74,FXE
12/16/2011,58.14,FXE
12/15/2011,59.6,FXE
12/14/2011,59.02,FXE
12/13/2011,64.95,FXE
12/12/2011,65.31,FXE
12/9/2011,50.09,FXE
12/8/2011,52.3,FXE
12/7/2011,50.62,FXE
12/6/2011,50.01,FXE
12/5/2011,52.87,FXE
12/2/2011,50.67,FXE
12/1/2011,47.74,FXE
11/30/2011,52.75,FXE
11/29/2011,57.14,FXE
11/28/2011,57.9,FXE
11/25/2011,61.5,FXE
11/24/2011,58.65,FXE
11/23/2011,59.38,FXE
11/22/2011,49.68,FXE
11/21/2011,51.22,FXE
11/18/2011,50.23,FXE
11/17/2011,54.77,FXE
11/16/2011,56.45,FXE
11/15/2011,53.56,FXE
11/14/2011,45.79,FXE
11/11/2011,36.4,FXE
11/10/2011,43.89,FXE
11/9/2011,56.09,FXE
11/8/2011,37.86,FXE
11/7/2011,44.57,FXE
11/4/2011,45.85,FXE
11/3/2011,42.64,FXE
11/2/2011,45.43,FXE
11/1/2011,47.84,FXE
10/31/2011,47.7,FXE
10/28/2011,35.34,FXE
10/27/2011,31.53,FXE
10/26/2011,35.92,FXE
10/25/2011,34.58,FXE
10/24/2011,34.19,FXE
10/21/2011,34.27,FXE
10/20/2011,37.44,FXE
10/19/2011,39.17,FXE
10/18/2011,37.87,FXE
10/17/2011,39.86,FXE
10/14/2011,34.3,FXE
10/13/2011,36.48,FXE
10/12/2011,38.12,FXE
10/11/2011,37.67,FXE
10/10/2011,34.91,FXE
10/7/2011,46.82,FXE
10/6/2011,46.16,FXE
10/5/2011,46.81,FXE
10/4/2011,50.95,FXE
10/3/2011,58.17,FXE
9/30/2011,58.3,FXE
9/29/2011,48.24,FXE
9/28/2011,52.36,FXE
9/27/2011,50.78,FXE
9/26/2011,50.04,FXE
9/23/2011,53.47,FXE
9/22/2011,53.45,FXE
9/21/2011,54.35,FXE
9/20/2011,53.64,FXE
9/19/2011,52.58,FXE
9/16/2011,52.81,FXE
9/15/2011,48.24,FXE
9/14/2011,53.5,FXE
9/13/2011,56.99,FXE
9/12/2011,58.6,FXE
9/9/2011,65.22,FXE
9/8/2011,65.98,FXE
9/7/2011,62.82,FXE
9/6/2011,62.22,FXE
9/5/2011,64.03,FXE
9/2/2011,61.66,FXE
9/1/2011,53.62,FXE
8/31/2011,47.23,FXE
8/30/2011,37.89,FXE
8/29/2011,30,FXE
8/26/2011,30.95,FXE
8/25/2011,38.02,FXE
8/24/2011,35.79,FXE
8/23/2011,34.14,FXE
8/22/2011,40.78,FXE
8/19/2011,37.43,FXE
8/18/2011,37.92,FXE
8/17/2011,34.91,FXE
8/16/2011,34.47,FXE
8/15/2011,30.81,FXE
8/12/2011,44.55,FXE
8/11/2011,46.88,FXE
8/10/2011,50.25,FXE
8/9/2011,43.56,FXE
8/8/2011,48.28,FXE
8/5/2011,44.95,FXE
8/4/2011,51.34,FXE
8/3/2011,42.7,FXE
8/2/2011,45.41,FXE
8/1/2011,42.83,FXE
7/29/2011,40.66,FXE
7/28/2011,39.29,FXE
7/27/2011,40.92,FXE
7/26/2011,37.2,FXE
7/25/2011,38.15,FXE
7/22/2011,40.19,FXE
7/21/2011,37.45,FXE
7/20/2011,44.22,FXE
7/19/2011,47.41,FXE
7/18/2011,48.81,FXE
7/15/2011,51.33,FXE
7/14/2011,48.06,FXE
7/13/2011,51.94,FXE
7/12/2011,59.41,FXE
7/11/2011,62.59,FXE
7/8/2011,54.42,FXE
7/7/2011,49.07,FXE
7/6/2011,46.12,FXE
7/5/2011,38.27,FXE
7/4/2011,37.02,FXE
7/1/2011,33.17,FXE
6/30/2011,34.22,FXE
6/29/2011,34.18,FXE
6/28/2011,40.23,FXE
6/27/2011,46.71,FXE
6/24/2011,44.03,FXE
6/23/2011,42.49,FXE
6/22/2011,41.25,FXE
6/21/2011,37.33,FXE
6/20/2011,44.25,FXE
6/17/2011,47.79,FXE
6/16/2011,49.19,FXE
6/15/2011,53.45,FXE
6/14/2011,41.54,FXE
6/13/2011,43.35,FXE
6/10/2011,47.49,FXE
6/9/2011,42.2,FXE
6/8/2011,41.59,FXE
6/7/2011,33.15,FXE
6/6/2011,39.7,FXE
6/3/2011,32.35,FXE
6/2/2011,38.49,FXE
6/1/2011,41.05,FXE
5/31/2011,40.5,FXE
5/30/2011,39.71,FXE
5/27/2011,45.62,FXE
5/26/2011,45.07,FXE
5/25/2011,47.78,FXE
5/24/2011,45.78,FXE
5/23/2011,49.03,FXE
5/20/2011,47.74,FXE
5/19/2011,42.52,FXE
5/18/2011,44.66,FXE
5/17/2011,41.7,FXE
5/16/2011,44.76,FXE
5/13/2011,47.98,FXE
5/12/2011,46.95,FXE
5/11/2011,50.63,FXE
5/10/2011,45.53,FXE
5/9/2011,43.53,FXE
5/6/2011,45.23,FXE
5/5/2011,52.22,FXE
5/4/2011,34.71,FXE
5/3/2011,33.16,FXE
5/2/2011,33.92,FXE
4/29/2011,31.92,FXE
4/28/2011,32.74,FXE
4/27/2011,30.62,FXE
4/26/2011,29.65,FXE
4/25/2011,32.18,FXE
4/22/2011,32.7,FXE
4/21/2011,32.19,FXE
4/20/2011,29.01,FXE
4/19/2011,36.9,FXE
4/18/2011,43.11,FXE
4/15/2011,36.17,FXE
4/14/2011,30.2,FXE
4/13/2011,33.81,FXE
4/12/2011,30.32,FXE
4/11/2011,31.5,FXE
4/8/2011,27.59,FXE
4/7/2011,33.97,FXE
4/6/2011,32.56,FXE
4/5/2011,33.5,FXE
4/4/2011,31.09,FXE
4/1/2011,31.36,FXE
3/31/2011,33.56,FXE
3/30/2011,35.66,FXE
3/29/2011,34.97,FXE
3/28/2011,37.5,FXE
3/25/2011,34.92,FXE
3/24/2011,34.44,FXE
3/23/2011,32.8,FXE
3/22/2011,28.38,FXE
3/21/2011,25.06,FXE
3/18/2011,26.21,FXE
3/17/2011,29.06,FXE
3/16/2011,30.49,FXE
3/15/2011,26.51,FXE
3/14/2011,29.41,FXE
3/11/2011,34.77,FXE
3/10/2011,36.23,FXE
3/9/2011,36.56,FXE
3/8/2011,32.07,FXE
3/7/2011,30.28,FXE
3/4/2011,27.41,FXE
3/3/2011,28.41,FXE
3/2/2011,29.63,FXE
3/1/2011,31.24,FXE
2/28/2011,31.44,FXE
2/25/2011,30.98,FXE
2/24/2011,29.06,FXE
2/23/2011,29.87,FXE
2/22/2011,32.92,FXE
2/21/2011,32.42,FXE
2/18/2011,34.89,FXE
2/17/2011,35.67,FXE
2/16/2011,41.11,FXE
2/15/2011,44.62,FXE
2/14/2011,39.8,FXE
2/11/2011,42.03,FXE
2/10/2011,37.11,FXE
2/9/2011,33.23,FXE
2/8/2011,38.15,FXE
2/7/2011,36.67,FXE
2/4/2011,34.82,FXE
2/3/2011,36.58,FXE
2/2/2011,30.16,FXE
2/1/2011,27.88,FXE
1/31/2011,31.74,FXE
1/28/2011,33.72,FXE
1/27/2011,33.99,FXE
1/26/2011,30.26,FXE
1/25/2011,30.72,FXE
1/24/2011,36.39,FXE
1/21/2011,31.49,FXE
1/20/2011,33.81,FXE
1/19/2011,37.4,FXE
1/18/2011,35.09,FXE
1/17/2011,38.55,FXE
1/14/2011,34.35,FXE
1/13/2011,34.77,FXE
1/12/2011,43.65,FXE
1/11/2011,52.12,FXE
1/10/2011,57.16,FXE
1/7/2011,60.92,FXE
1/6/2011,57.82,FXE
1/5/2011,51.68,FXE
1/4/2011,43.78,FXE
1/3/2011,40.48,FXE
12/31/2010,37.56,FXE
12/30/2010,41.1,FXE
12/29/2010,45.11,FXE
12/28/2010,50.78,FXE
12/27/2010,46.91,FXE
12/24/2010,52.58,FXE
12/23/2010,53.1,FXE
12/22/2010,55.32,FXE
12/21/2010,54.66,FXE
12/20/2010,52.55,FXE
12/17/2010,52.57,FXE
12/16/2010,44.53,FXE
12/15/2010,49.29,FXE
12/14/2010,38.99,FXE
12/13/2010,36.5,FXE
12/10/2010,45.49,FXE
12/9/2010,41.95,FXE
12/8/2010,42.45,FXE
12/7/2010,46.61,FXE
12/6/2010,44.64,FXE
12/3/2010,43.07,FXE
12/2/2010,49.26,FXE
12/1/2010,50.36,FXE
11/30/2010,56.17,FXE
11/29/2010,55.36,FXE
11/26/2010,53.09,FXE
11/25/2010,53.17,FXE
11/24/2010,56.46,FXE
11/23/2010,59.75,FXE
11/22/2010,48.18,FXE
11/19/2010,45.3,FXE
11/18/2010,44.59,FXE
11/17/2010,51.25,FXE
11/16/2010,56.4,FXE
11/15/2010,53.47,FXE
11/12/2010,50.27,FXE
11/11/2010,53.47,FXE
11/10/2010,50.1,FXE
11/9/2010,54.1,FXE
11/8/2010,50.76,FXE
11/5/2010,45.91,FXE
11/4/2010,40.57,FXE
11/3/2010,33.12,FXE
11/2/2010,32,FXE
11/1/2010,44.33,FXE
10/29/2010,42.15,FXE
10/28/2010,38.35,FXE
10/27/2010,49.13,FXE
10/26/2010,41.78,FXE
10/25/2010,40.84,FXE
10/22/2010,38.86,FXE
10/21/2010,38.66,FXE
10/20/2010,35.1,FXE
10/19/2010,45.14,FXE
10/18/2010,41.7,FXE
10/15/2010,41.65,FXE
10/14/2010,37.18,FXE
10/13/2010,37.41,FXE
10/12/2010,40.34,FXE
10/11/2010,42.73,FXE
10/8/2010,40.14,FXE
10/7/2010,39.51,FXE
10/6/2010,35.35,FXE
10/5/2010,35.65,FXE
10/4/2010,40.71,FXE
10/1/2010,32.87,FXE
9/30/2010,36.56,FXE
9/29/2010,34.26,FXE
9/28/2010,33.6,FXE
9/27/2010,40.99,FXE
9/24/2010,37.6,FXE
9/23/2010,44.06,FXE
9/22/2010,39.65,FXE
9/21/2010,34.32,FXE
9/20/2010,38.32,FXE
9/17/2010,39.45,FXE
9/16/2010,39.9,FXE
9/15/2010,39.21,FXE
9/14/2010,37.04,FXE
9/13/2010,37.94,FXE
9/10/2010,49.21,FXE
9/9/2010,51.46,FXE
9/8/2010,52.27,FXE
9/7/2010,52.71,FXE
9/6/2010,42.9,FXE
9/3/2010,39.7,FXE
9/2/2010,44.36,FXE
9/1/2010,45.23,FXE
8/31/2010,48.3,FXE
8/30/2010,52.09,FXE
8/27/2010,48.07,FXE
8/26/2010,45.6,FXE
8/25/2010,47.41,FXE
8/24/2010,48.02,FXE
8/23/2010,50.88,FXE
8/20/2010,48.44,FXE
8/19/2010,47.92,FXE
8/18/2010,48.43,FXE
8/17/2010,47.18,FXE
8/16/2010,50.58,FXE
8/13/2010,52.37,FXE
8/12/2010,47.24,FXE
8/11/2010,53.74,FXE
8/10/2010,45.84,FXE
8/9/2010,45.92,FXE
8/6/2010,40.14,FXE
8/5/2010,43.3,FXE
8/4/2010,44.16,FXE
8/3/2010,38.8,FXE
8/2/2010,37.43,FXE
7/30/2010,39.53,FXE
7/29/2010,38.97,FXE
7/28/2010,39.87,FXE
7/27/2010,40.16,FXE
7/26/2010,38.38,FXE
7/23/2010,40.83,FXE
7/22/2010,42.81,FXE
7/21/2010,44.07,FXE
7/20/2010,41.49,FXE
7/19/2010,39.72,FXE
7/16/2010,39.05,FXE
7/15/2010,36.9,FXE
7/14/2010,39.03,FXE
7/13/2010,35.21,FXE
7/12/2010,40.33,FXE
7/9/2010,36.78,FXE
7/8/2010,35.42,FXE
7/7/2010,38.83,FXE
7/6/2010,39.35,FXE
7/5/2010,40.66,FXE
7/2/2010,40.81,FXE
7/1/2010,37.54,FXE
6/30/2010,48.5,FXE
6/29/2010,50.72,FXE
6/28/2010,50.19,FXE
6/25/2010,42.25,FXE
6/24/2010,46.04,FXE
6/23/2010,44.47,FXE
6/22/2010,47.75,FXE
6/21/2010,48.26,FXE
6/18/2010,43.68,FXE
6/17/2010,40.46,FXE
6/16/2010,42.16,FXE
6/15/2010,38.83,FXE
6/14/2010,44.62,FXE
6/11/2010,49.31,FXE
6/10/2010,46.67,FXE
6/9/2010,54.09,FXE
6/8/2010,56.55,FXE
6/7/2010,58.56,FXE
6/4/2010,64.99,FXE
6/3/2010,61.53,FXE
6/2/2010,51.83,FXE
6/1/2010,49.68,FXE
5/31/2010,52.66,FXE
5/28/2010,55.53,FXE
5/27/2010,53.2,FXE
5/26/2010,58.53,FXE
5/25/2010,50.18,FXE
5/24/2010,51.11,FXE
5/21/2010,47.94,FXE
5/20/2010,47.56,FXE
5/19/2010,45.55,FXE
5/18/2010,57.17,FXE
5/17/2010,51.16,FXE
5/14/2010,61.89,FXE
5/13/2010,62.77,FXE
5/12/2010,60.58,FXE
5/11/2010,58.19,FXE
5/10/2010,57.16,FXE
5/7/2010,57.89,FXE
5/6/2010,58.22,FXE
5/5/2010,66.43,FXE
5/4/2010,70.51,FXE
5/3/2010,59.57,FXE
4/30/2010,47.79,FXE
4/29/2010,51.7,FXE
4/28/2010,55.7,FXE
4/27/2010,67.71,FXE
4/26/2010,50.94,FXE
4/23/2010,51.46,FXE
4/22/2010,66.21,FXE
4/21/2010,61.22,FXE
4/20/2010,61.57,FXE
4/19/2010,51.93,FXE
4/16/2010,52.52,FXE
4/15/2010,48.29,FXE
4/14/2010,42.27,FXE
4/13/2010,49.71,FXE
4/12/2010,52.15,FXE
4/9/2010,45.65,FXE
4/8/2010,53.07,FXE
4/7/2010,55.11,FXE
4/6/2010,51.19,FXE
4/5/2010,47.11,FXE
4/2/2010,47,FXE
4/1/2010,39.47,FXE
3/31/2010,40.79,FXE
3/30/2010,50.89,FXE
3/29/2010,42.65,FXE
3/26/2010,45.99,FXE
3/25/2010,58.8,FXE
3/24/2010,62.25,FXE
3/23/2010,60.99,FXE
3/22/2010,57.04,FXE
3/19/2010,61.09,FXE
3/18/2010,58.09,FXE
3/17/2010,46.78,FXE
3/16/2010,42.76,FXE
3/15/2010,49.57,FXE
3/12/2010,40.32,FXE
3/11/2010,42,FXE
3/10/2010,44.99,FXE
3/9/2010,53.27,FXE
3/8/2010,50,FXE
3/5/2010,52.09,FXE
3/4/2010,54.81,FXE
3/3/2010,41.33,FXE
3/2/2010,43.09,FXE
3/1/2010,49.37,FXE
2/26/2010,44.73,FXE
2/25/2010,49.7,FXE
2/24/2010,55.08,FXE
2/23/2010,61.26,FXE
2/22/2010,49.76,FXE
2/19/2010,53.93,FXE
2/18/2010,62.28,FXE
2/17/2010,61.51,FXE
2/16/2010,47.74,FXE
2/15/2010,55.68,FXE
2/12/2010,56.52,FXE
2/11/2010,55.71,FXE
2/10/2010,52.24,FXE
2/9/2010,49.73,FXE
2/8/2010,58.18,FXE
2/5/2010,60.97,FXE
2/4/2010,67.81,FXE
2/3/2010,62.63,FXE
2/2/2010,52.3,FXE
2/1/2010,53.82,FXE
1/29/2010,67.83,FXE
1/28/2010,64.18,FXE
1/27/2010,64.82,FXE
1/26/2010,59.16,FXE
1/25/2010,55.71,FXE
1/22/2010,55.1,FXE
1/21/2010,63.49,FXE
1/20/2010,66.95,FXE
1/19/2010,65.28,FXE
1/18/2010,56.25,FXE
1/15/2010,62.25,FXE
1/14/2010,52.07,FXE
1/13/2010,48.13,FXE
1/12/2010,47.86,FXE
1/11/2010,43.98,FXE
1/8/2010,48.87,FXE
1/7/2010,62.2,FXE
1/6/2010,48.98,FXE
1/5/2010,54.57,FXE
1/4/2010,45.08,FXE
12/31/2009,55.82,FXE
12/30/2009,55.39,FXE
12/29/2009,56.9,FXE
12/28/2009,53.92,FXE
12/24/2009,54.99,FXE
12/23/2009,53.83,FXE
12/22/2009,62.46,FXE
12/21/2009,66.88,FXE
12/18/2009,63.3,FXE
12/17/2009,65.63,FXE
12/16/2009,64.31,FXE
12/15/2009,67.34,FXE
12/14/2009,61.41,FXE
12/11/2009,68.7,FXE
12/10/2009,61.27,FXE
12/9/2009,61.25,FXE
12/8/2009,66.29,FXE
12/7/2009,58.98,FXE
12/4/2009,61.94,FXE
12/3/2009,35.51,FXE
12/2/2009,36.42,FXE
12/1/2009,28.03,FXE
11/30/2009,39,FXE
11/27/2009,44.22,FXE
11/26/2009,39.5,FXE
11/25/2009,19.58,FXE
11/24/2009,33.11,FXE
11/23/2009,31.23,FXE
11/20/2009,47.43,FXE
11/19/2009,42.04,FXE
11/18/2009,33.34,FXE
11/17/2009,51.01,FXE
11/16/2009,35.59,FXE
11/13/2009,42.37,FXE
11/12/2009,53,FXE
11/11/2009,37.84,FXE
11/10/2009,35.65,FXE
11/9/2009,31.74,FXE
11/6/2009,42.73,FXE
11/5/2009,40.73,FXE
11/4/2009,37.14,FXE
11/3/2009,49.09,FXE
11/2/2009,49.27,FXE
10/30/2009,54.49,FXE
10/29/2009,46.99,FXE
10/28/2009,57.79,FXE
10/27/2009,54.42,FXE
10/26/2009,55.17,FXE
10/23/2009,38.52,FXE
10/22/2009,31.54,FXE
10/21/2009,30.25,FXE
10/20/2009,41.7,FXE
10/19/2009,30.62,FXE
10/16/2009,40.52,FXE
10/15/2009,34.48,FXE
10/14/2009,29.95,FXE
10/13/2009,30.55,FXE
10/12/2009,32.38,FXE
10/9/2009,43.48,FXE
10/8/2009,31.51,FXE
10/7/2009,42.08,FXE
10/6/2009,36.5,FXE
10/5/2009,36.63,FXE
10/2/2009,44.15,FXE
10/1/2009,51.54,FXE
9/30/2009,39.4,FXE
9/29/2009,43.3,FXE
9/28/2009,42.2,FXE
9/25/2009,38.68,FXE
9/24/2009,42.47,FXE
9/23/2009,36.74,FXE
9/22/2009,25.51,FXE
9/21/2009,30.8,FXE
9/18/2009,27.95,FXE
9/17/2009,25.96,FXE
9/16/2009,23.76,FXE
9/15/2009,23.24,FXE
9/14/2009,25.37,FXE
9/11/2009,28.6,FXE
9/10/2009,25.25,FXE
9/9/2009,27.15,FXE
9/8/2009,24.07,FXE
9/7/2009,35.11,FXE
9/4/2009,38.61,FXE
9/3/2009,45.98,FXE
9/2/2009,42.69,FXE
9/1/2009,52.26,FXE
8/31/2009,35.27,FXE
8/28/2009,39.45,FXE
8/27/2009,34.65,FXE
8/26/2009,45.8,FXE
8/25/2009,39.07,FXE
8/24/2009,40.35,FXE
8/21/2009,31.77,FXE
8/20/2009,39.23,FXE
8/19/2009,38.68,FXE
8/18/2009,51.23,FXE
8/17/2009,55.35,FXE
8/14/2009,50.48,FXE
8/13/2009,43.02,FXE
8/12/2009,47.41,FXE
8/11/2009,52.54,FXE
8/10/2009,54.72,FXE
8/7/2009,56.53,FXE
8/6/2009,45.08,FXE
8/5/2009,36.17,FXE
8/4/2009,37.89,FXE
8/3/2009,32.29,FXE
7/31/2009,31.95,FXE
7/30/2009,51.59,FXE
7/29/2009,60.23,FXE
7/28/2009,51.01,FXE
7/27/2009,37.92,FXE
7/24/2009,33.64,FXE
7/23/2009,41.26,FXE
7/22/2009,32.55,FXE
7/21/2009,34.61,FXE
7/20/2009,29.36,FXE
7/17/2009,33.94,FXE
7/16/2009,31.57,FXE
7/15/2009,31.9,FXE
7/14/2009,48.46,FXE
7/13/2009,41.86,FXE
7/10/2009,47.84,FXE
7/9/2009,37.48,FXE
7/8/2009,53.53,FXE
7/7/2009,54.58,FXE
7/6/2009,47.64,FXE
7/3/2009,50.79,FXE
7/2/2009,54.95,FXE
7/1/2009,35.14,FXE
6/30/2009,46.26,FXE
6/29/2009,37.11,FXE
6/26/2009,37.27,FXE
6/25/2009,43.75,FXE
6/24/2009,46.07,FXE
6/23/2009,32.54,FXE
6/22/2009,46.38,FXE
6/19/2009,43.72,FXE
6/18/2009,47.18,FXE
6/17/2009,44.5,FXE
6/16/2009,48.89,FXE
6/15/2009,52.68,FXE
6/12/2009,46.7,FXE
6/11/2009,41.13,FXE
6/10/2009,46.12,FXE
6/9/2009,38.43,FXE
6/8/2009,46.35,FXE
6/5/2009,49.03,FXE
6/4/2009,38.74,FXE
6/3/2009,45.38,FXE
6/2/2009,34.64,FXE
6/1/2009,44.18,FXE
5/29/2009,35.45,FXE
5/28/2009,37.67,FXE
5/27/2009,36.68,FXE
5/26/2009,36.68,FXE
5/25/2009,38.38,FXE
5/22/2009,36.42,FXE
5/21/2009,35.02,FXE
5/20/2009,35.33,FXE
5/19/2009,38.53,FXE
5/18/2009,41.99,FXE
5/15/2009,46.77,FXE
5/14/2009,36.94,FXE
5/13/2009,44.25,FXE
5/12/2009,39.94,FXE
5/11/2009,42.3,FXE
5/8/2009,35.36,FXE
5/7/2009,42.33,FXE
5/6/2009,44.69,FXE
5/5/2009,43.85,FXE
5/4/2009,39,FXE
5/1/2009,44.33,FXE
4/30/2009,43.57,FXE
4/29/2009,40.43,FXE
4/28/2009,43.43,FXE
4/27/2009,51.09,FXE
4/24/2009,43.24,FXE
4/23/2009,45.24,FXE
4/22/2009,53.23,FXE
4/21/2009,57.05,FXE
4/20/2009,56.33,FXE
4/17/2009,62.15,FXE
4/16/2009,54.3,FXE
4/15/2009,52.09,FXE
4/14/2009,51.83,FXE
4/13/2009,44.75,FXE
4/10/2009,57.18,FXE
4/9/2009,60.12,FXE
4/8/2009,52.1,FXE
4/7/2009,53.83,FXE
4/6/2009,51.81,FXE
4/3/2009,44.12,FXE
4/2/2009,46.42,FXE
4/1/2009,50.77,FXE
3/31/2009,47.6,FXE
3/30/2009,50.32,FXE
3/27/2009,55.65,FXE
3/26/2009,52.37,FXE
3/25/2009,45.41,FXE
3/24/2009,54.75,FXE
3/23/2009,47.93,FXE
3/20/2009,48.38,FXE
3/19/2009,46.92,FXE
3/18/2009,38.53,FXE
3/17/2009,46.66,FXE
3/16/2009,51.54,FXE
3/13/2009,46.64,FXE
3/12/2009,42.38,FXE
3/11/2009,40.79,FXE
3/10/2009,54.18,FXE
3/9/2009,57.44,FXE
3/6/2009,53.8,FXE
3/5/2009,57.78,FXE
3/4/2009,50.71,FXE
3/3/2009,62.42,FXE
3/2/2009,60.16,FXE
2/27/2009,57.68,FXE
2/26/2009,55.29,FXE
2/25/2009,59.28,FXE
2/24/2009,48.35,FXE
2/23/2009,56.24,FXE
2/20/2009,47.88,FXE
2/19/2009,52.84,FXE
2/18/2009,61.02,FXE
2/17/2009,61.47,FXE
2/16/2009,58.62,FXE
2/13/2009,54.21,FXE
2/12/2009,50.28,FXE
2/11/2009,56.78,FXE
2/10/2009,53.61,FXE
2/9/2009,55.3,FXE
2/6/2009,57.08,FXE
2/5/2009,59.53,FXE
2/4/2009,55.24,FXE
2/3/2009,49.3,FXE
2/2/2009,54.11,FXE
1/30/2009,59.89,FXE
1/29/2009,55.74,FXE
1/28/2009,53.3,FXE
1/27/2009,51.18,FXE
1/26/2009,46.72,FXE
1/23/2009,49.23,FXE
1/22/2009,55.45,FXE
1/21/2009,49.89,FXE
1/20/2009,49.45,FXE
1/19/2009,55.88,FXE
1/16/2009,51.24,FXE
1/15/2009,50.02,FXE
1/14/2009,46.35,FXE
1/13/2009,47.41,FXE
1/12/2009,46.43,FXE
1/9/2009,55.67,FXE
1/8/2009,48.8,FXE
1/7/2009,47.96,FXE
1/6/2009,45.21,FXE
1/5/2009,50.59,FXE
1/2/2009,57.32,FXE
12/31/2008,55.75,FXE
12/30/2008,50.59,FXE
12/29/2008,51.3,FXE
12/26/2008,48.76,FXE
12/24/2008,46.68,FXE
12/23/2008,50.82,FXE
12/22/2008,49.31,FXE
12/19/2008,46.15,FXE
12/18/2008,50.22,FXE
12/17/2008,48.54,FXE
12/16/2008,45.72,FXE
12/15/2008,42.49,FXE
12/12/2008,38.36,FXE
12/11/2008,41.98,FXE
12/10/2008,35.72,FXE
12/9/2008,40.63,FXE
12/8/2008,36.33,FXE
12/5/2008,52.1,FXE
12/4/2008,40.61,FXE
12/3/2008,46.07,FXE
12/2/2008,47.02,FXE
12/1/2008,55.53,FXE
11/28/2008,55.23,FXE
11/27/2008,47.23,FXE
11/26/2008,48.58,FXE
11/25/2008,37.68,FXE
11/24/2008,39.14,FXE
11/21/2008,48.19,FXE
11/20/2008,53.77,FXE
11/19/2008,53.58,FXE
11/18/2008,48.97,FXE
11/17/2008,48.28,FXE
11/14/2008,46.01,FXE
11/13/2008,47.84,FXE
11/12/2008,49.53,FXE
11/11/2008,57.4,FXE
11/10/2008,52.39,FXE
11/7/2008,51.09,FXE
11/6/2008,46.93,FXE
11/5/2008,42.1,FXE
11/4/2008,45.34,FXE
11/3/2008,52.73,FXE
10/31/2008,47.3,FXE
10/30/2008,52.24,FXE
10/29/2008,49.72,FXE
10/28/2008,46.13,FXE
10/27/2008,44.27,FXE
10/24/2008,51.18,FXE
10/23/2008,44.77,FXE
10/22/2008,46.24,FXE
10/21/2008,57.97,FXE
10/20/2008,63,FXE
10/17/2008,59.64,FXE
10/16/2008,54.87,FXE
10/15/2008,59.13,FXE
10/14/2008,54.62,FXE
10/13/2008,54.91,FXE
10/10/2008,56.32,FXE
10/9/2008,57.01,FXE
10/8/2008,51.69,FXE
10/7/2008,50.73,FXE
10/6/2008,48.99,FXE
10/3/2008,54.39,FXE
10/2/2008,50.4,FXE
10/1/2008,55.01,FXE
9/30/2008,56.74,FXE
9/29/2008,53.22,FXE
9/26/2008,52.21,FXE
9/25/2008,53.39,FXE
9/24/2008,54.18,FXE
9/23/2008,47.69,FXE
9/22/2008,43.24,FXE
9/19/2008,49.02,FXE
9/18/2008,54.85,FXE
9/17/2008,47.99,FXE
9/16/2008,53.68,FXE
9/15/2008,54.33,FXE
9/12/2008,48.55,FXE
9/11/2008,50.58,FXE
9/10/2008,56.42,FXE
9/9/2008,52.16,FXE
9/8/2008,54.35,FXE
9/5/2008,56.17,FXE
9/4/2008,60.21,FXE
9/3/2008,51.01,FXE
9/2/2008,55.42,FXE
9/1/2008,58.35,FXE
8/29/2008,59.28,FXE
8/28/2008,57.71,FXE
8/27/2008,53.58,FXE
8/26/2008,55.82,FXE
8/25/2008,57.26,FXE
8/22/2008,59.25,FXE
8/21/2008,52.34,FXE
8/20/2008,57.84,FXE
8/19/2008,52.23,FXE
8/18/2008,58.67,FXE
8/15/2008,57.36,FXE
8/14/2008,59.02,FXE
8/13/2008,55.89,FXE
8/12/2008,54.1,FXE
8/11/2008,59.78,FXE
8/8/2008,62.65,FXE
8/7/2008,69.9,FXE
8/6/2008,66.01,FXE
8/5/2008,64.8,FXE
8/4/2008,56.59,FXE
8/1/2008,62.39,FXE
7/31/2008,58.76,FXE
7/30/2008,61.16,FXE
7/29/2008,63.86,FXE
7/28/2008,49.63,FXE
7/25/2008,55.7,FXE
7/24/2008,59.33,FXE
7/23/2008,56.09,FXE
7/22/2008,49.95,FXE
7/21/2008,31.86,FXE
7/18/2008,39.04,FXE
7/17/2008,39.12,FXE
7/16/2008,42.03,FXE
7/15/2008,34.96,FXE
7/14/2008,29.4,FXE
7/11/2008,24.39,FXE
7/10/2008,34.6,FXE
7/9/2008,37.08,FXE
7/8/2008,47.77,FXE
7/7/2008,41.47,FXE
7/4/2008,47.48,FXE
7/3/2008,51.41,FXE
7/2/2008,28.88,FXE
7/1/2008,32.97,FXE
6/30/2008,39.26,FXE
6/27/2008,33.63,FXE
6/26/2008,35.64,FXE
6/25/2008,39.81,FXE
6/24/2008,49.21,FXE
6/23/2008,55.41,FXE
6/20/2008,44.23,FXE
6/19/2008,56.47,FXE
6/18/2008,50.62,FXE
6/17/2008,52.72,FXE
6/16/2008,54.53,FXE
6/13/2008,61.13,FXE
6/12/2008,61.3,FXE
6/11/2008,55.57,FXE
6/10/2008,59.36,FXE
6/9/2008,49.72,FXE
6/6/2008,37.44,FXE
6/5/2008,44.57,FXE
6/4/2008,58.35,FXE
6/3/2008,56.22,FXE
6/2/2008,53.15,FXE
5/30/2008,51.75,FXE
5/29/2008,59.51,FXE
5/28/2008,43.68,FXE
5/27/2008,43.68,FXE
5/26/2008,45.41,FXE
5/23/2008,43.05,FXE
5/22/2008,48.37,FXE
5/21/2008,38.06,FXE
5/20/2008,39.13,FXE
5/19/2008,54.79,FXE
5/16/2008,38.13,FXE
5/15/2008,50.9,FXE
5/14/2008,50.29,FXE
5/13/2008,50.51,FXE
5/12/2008,46.26,FXE
5/9/2008,50.35,FXE
5/8/2008,51.38,FXE
5/7/2008,57.59,FXE
5/6/2008,50.31,FXE
5/5/2008,49.36,FXE
5/2/2008,52.43,FXE
5/1/2008,55.76,FXE
4/30/2008,50.8,FXE
4/29/2008,53.09,FXE
4/28/2008,51.33,FXE
4/25/2008,52.63,FXE
4/24/2008,53.87,FXE
4/23/2008,43.86,FXE
4/22/2008,30.82,FXE
4/21/2008,37.42,FXE
4/18/2008,47.33,FXE
4/17/2008,42.57,FXE
4/16/2008,33.19,FXE
4/15/2008,42.39,FXE
4/14/2008,37.38,FXE
4/11/2008,37.11,FXE
4/10/2008,42.94,FXE
4/9/2008,35.84,FXE
4/8/2008,45.44,FXE
4/7/2008,44.34,FXE
4/4/2008,44.31,FXE
4/3/2008,41.35,FXE
4/2/2008,44.73,FXE
4/1/2008,45.82,FXE
3/31/2008,42.99,FXE
3/28/2008,44.19,FXE
3/27/2008,45.6,FXE
3/26/2008,37.73,FXE
3/25/2008,38.35,FXE
3/24/2008,40.34,FXE
3/21/2008,41.29,FXE
3/20/2008,40.8,FXE
3/19/2008,41.61,FXE
3/18/2008,43.08,FXE
3/17/2008,45.22,FXE
3/14/2008,36.59,FXE
3/13/2008,35.83,FXE
3/12/2008,31.22,FXE
3/11/2008,41.01,FXE
3/10/2008,41.07,FXE
3/7/2008,38.31,FXE
3/6/2008,33.9,FXE
3/5/2008,32.8,FXE
3/4/2008,38.51,FXE
3/3/2008,39.3,FXE
2/29/2008,35.87,FXE
2/28/2008,33.88,FXE
2/27/2008,32.65,FXE
2/26/2008,28.83,FXE
2/25/2008,37.41,FXE
2/22/2008,35.03,FXE
2/21/2008,32.85,FXE
2/20/2008,44.74,FXE
2/19/2008,41.62,FXE
2/18/2008,47.82,FXE
2/15/2008,46,FXE
2/14/2008,46.15,FXE
2/13/2008,48.44,FXE
2/12/2008,47.71,FXE
2/11/2008,49.83,FXE
2/8/2008,49.51,FXE
2/7/2008,50.8,FXE
2/6/2008,48.55,FXE
2/5/2008,50.28,FXE
2/4/2008,41.63,FXE
2/1/2008,40.81,FXE
1/31/2008,35.58,FXE
1/30/2008,40.29,FXE
1/29/2008,39.58,FXE
1/28/2008,39.76,FXE
1/25/2008,44.26,FXE
1/24/2008,39.89,FXE
1/23/2008,45.25,FXE
1/22/2008,44.72,FXE
1/21/2008,43.1,FXE
1/18/2008,40.69,FXE
1/17/2008,35.77,FXE
1/16/2008,38,FXE
1/15/2008,37.37,FXE
1/14/2008,37.08,FXE
1/11/2008,34.34,FXE
1/10/2008,31.19,FXE
1/9/2008,37.29,FXE
1/8/2008,37.85,FXE
1/7/2008,41.44,FXE
1/4/2008,35.94,FXE
1/3/2008,35.43,FXE
1/2/2008,37.27,FXE
12/31/2007,43.37,FXE
12/28/2007,41.26,FXE
12/27/2007,41.73,FXE
12/26/2007,46.76,FXE
12/24/2007,46.76,FXE
12/21/2007,49.68,FXE
12/20/2007,51.17,FXE
12/19/2007,47.67,FXE
12/18/2007,47.14,FXE
12/17/2007,42.56,FXE
12/14/2007,47.26,FXE
12/13/2007,46.22,FXE
12/12/2007,38,FXE
12/11/2007,43.03,FXE
12/10/2007,39.73,FXE
12/7/2007,38.17,FXE
12/6/2007,40.74,FXE
12/5/2007,46.41,FXE
12/4/2007,37.47,FXE
12/3/2007,45.93,FXE
11/30/2007,45.93,FXE
11/29/2007,44.05,FXE
11/28/2007,39.68,FXE
11/27/2007,44.01,FXE
11/26/2007,39.82,FXE
11/23/2007,41.49,FXE
11/22/2007,36.16,FXE
11/21/2007,33.62,FXE
11/20/2007,32.34,FXE
11/19/2007,36,FXE
11/16/2007,36.45,FXE
11/15/2007,39.58,FXE
11/14/2007,37.99,FXE
11/13/2007,39.75,FXE
11/12/2007,36.45,FXE
11/9/2007,38.38,FXE
11/8/2007,31.88,FXE
11/7/2007,30.68,FXE
11/6/2007,26.81,FXE
11/5/2007,32.56,FXE
11/2/2007,25.02,FXE
11/1/2007,32.63,FXE
10/31/2007,29.71,FXE
10/30/2007,26.95,FXE
10/29/2007,27.73,FXE
10/26/2007,24.16,FXE
10/25/2007,27.33,FXE
10/24/2007,31.85,FXE
10/23/2007,34.19,FXE
10/22/2007,38.64,FXE
10/19/2007,28.82,FXE
10/18/2007,24.23,FXE
10/17/2007,29.68,FXE
10/16/2007,34.95,FXE
10/15/2007,32.16,FXE
10/12/2007,31.53,FXE
10/11/2007,27.47,FXE
10/10/2007,29.62,FXE
10/9/2007,30.62,FXE
10/8/2007,37.45,FXE
10/5/2007,29.34,FXE
10/4/2007,28.34,FXE
10/3/2007,31.21,FXE
10/2/2007,31.35,FXE
10/1/2007,28.42,FXE
9/28/2007,22.11,FXE
9/27/2007,28.24,FXE
9/26/2007,29.72,FXE
9/25/2007,22.34,FXE
9/24/2007,25.67,FXE
9/21/2007,26.73,FXE
9/20/2007,25.69,FXE
9/19/2007,27.4,FXE
9/18/2007,23.49,FXE
9/17/2007,30.71,FXE
9/14/2007,28.89,FXE
9/13/2007,28.97,FXE
9/12/2007,25.11,FXE
9/11/2007,25.12,FXE
9/10/2007,31.51,FXE
9/7/2007,30.1,FXE
9/6/2007,33.09,FXE
9/5/2007,37.32,FXE
9/4/2007,44.75,FXE
9/3/2007,45.67,FXE
8/31/2007,42.48,FXE
8/30/2007,41.21,FXE
8/29/2007,35.5,FXE
8/28/2007,43.25,FXE
8/27/2007,40.26,FXE
8/24/2007,35.92,FXE
8/23/2007,44.04,FXE
8/22/2007,41.81,FXE
8/21/2007,50.5,FXE
8/20/2007,47.88,FXE
8/17/2007,45.85,FXE
8/16/2007,47.22,FXE
8/15/2007,48.61,FXE
8/14/2007,47.74,FXE
8/13/2007,47.94,FXE
8/10/2007,42.31,FXE
8/9/2007,42.33,FXE
8/8/2007,32.47,FXE
8/7/2007,38.11,FXE
8/6/2007,33.63,FXE
8/3/2007,30.72,FXE
8/2/2007,35.75,FXE
8/1/2007,38.51,FXE
7/31/2007,35.98,FXE
7/30/2007,32.82,FXE
7/27/2007,41.1,FXE
7/26/2007,36.07,FXE
7/25/2007,40.67,FXE
7/24/2007,29.21,FXE
7/23/2007,33.41,FXE
7/20/2007,24.71,FXE
7/19/2007,28.04,FXE
7/18/2007,28.7,FXE
7/17/2007,27.58,FXE
7/16/2007,28.21,FXE
7/13/2007,24.46,FXE
7/12/2007,22.2,FXE
7/11/2007,22.98,FXE
7/10/2007,18.9,FXE
7/9/2007,25.08,FXE
7/6/2007,23.71,FXE
7/5/2007,29.7,FXE
7/4/2007,27.54,FXE
7/3/2007,27.98,FXE
7/2/2007,25.21,FXE
6/29/2007,27.45,FXE
6/28/2007,36.81,FXE
6/27/2007,36.65,FXE
6/26/2007,34.14,FXE
6/25/2007,33.02,FXE
6/22/2007,33.17,FXE
6/21/2007,41.24,FXE
6/20/2007,39.77,FXE
6/19/2007,40.38,FXE
6/18/2007,40.53,FXE
6/15/2007,42.75,FXE
6/14/2007,50.51,FXE
6/13/2007,51.67,FXE
6/12/2007,55.04,FXE
6/11/2007,49.45,FXE
6/8/2007,49.22,FXE
6/7/2007,48.75,FXE
6/6/2007,39.96,FXE
6/5/2007,33.68,FXE
6/4/2007,32.5,FXE
6/1/2007,40.36,FXE
5/31/2007,36.81,FXE
5/30/2007,46.08,FXE
5/29/2007,38.54,FXE
5/28/2007,39.5,FXE
5/25/2007,39.5,FXE
5/24/2007,45.16,FXE
5/23/2007,37.81,FXE
5/22/2007,39.78,FXE
5/21/2007,38.12,FXE
5/18/2007,34.81,FXE
5/17/2007,36.96,FXE
5/16/2007,34.38,FXE
5/15/2007,22.04,FXE
5/14/2007,26.76,FXE
5/11/2007,32.7,FXE
5/10/2007,40.75,FXE
5/9/2007,39.99,FXE
5/8/2007,38.27,FXE
5/7/2007,25.89,FXE
5/4/2007,27.06,FXE
5/3/2007,35.82,FXE
5/2/2007,28.01,FXE
5/1/2007,29.58,FXE
4/30/2007,18.7,FXE
4/27/2007,19.92,FXE
4/26/2007,27.15,FXE
4/25/2007,35.14,FXE
4/24/2007,32.99,FXE
4/23/2007,37.17,FXE
4/20/2007,38.01,FXE
4/19/2007,38.63,FXE
4/18/2007,37.59,FXE
4/17/2007,37.05,FXE
4/16/2007,41.03,FXE
4/13/2007,41.9,FXE
4/12/2007,40.28,FXE
4/11/2007,44.77,FXE
4/10/2007,43.04,FXE
4/9/2007,44.4,FXE
4/6/2007,45.87,FXE
4/5/2007,45.88,FXE
4/4/2007,46.48,FXE
4/3/2007,47.71,FXE
4/2/2007,44.2,FXE
3/30/2007,44.71,FXE
3/29/2007,42.57,FXE
3/28/2007,44.84,FXE
3/27/2007,43.94,FXE
3/26/2007,43.75,FXE
3/23/2007,41.62,FXE
3/22/2007,41.6,FXE
3/21/2007,40.65,FXE
3/20/2007,39.78,FXE
3/19/2007,36.98,FXE
3/16/2007,35.37,FXE
3/15/2007,36.73,FXE
3/14/2007,36.92,FXE
3/13/2007,36.72,FXE
3/12/2007,36.51,FXE
3/9/2007,41.89,FXE
3/8/2007,42.03,FXE
3/7/2007,43.38,FXE
3/6/2007,44.34,FXE
3/5/2007,45.61,FXE
3/2/2007,42.59,FXE
3/1/2007,42.51,FXE
2/28/2007,41.19,FXE
2/27/2007,43.4,FXE
2/26/2007,42.45,FXE
2/23/2007,41.7,FXE
2/22/2007,41.07,FXE
2/21/2007,35.24,FXE
2/20/2007,35.36,FXE
2/19/2007,38.05,FXE
2/16/2007,35.44,FXE
2/15/2007,35.53,FXE
2/14/2007,34.41,FXE
2/13/2007,36.75,FXE
2/12/2007,43.32,FXE
2/9/2007,39.67,FXE
2/8/2007,36.89,FXE
2/7/2007,38.85,FXE
2/6/2007,40.77,FXE
2/5/2007,46.21,FXE
2/2/2007,43.44,FXE
2/1/2007,37.66,FXE
1/31/2007,35.33,FXE
1/30/2007,38.92,FXE
1/29/2007,39.61,FXE
1/26/2007,45.97,FXE
1/25/2007,47.15,FXE
1/24/2007,47.79,FXE
1/23/2007,42.4,FXE
1/22/2007,47.8,FXE
1/19/2007,44.53,FXE
1/18/2007,43.4,FXE
1/17/2007,46.49,FXE
1/16/2007,48.43,FXE
1/15/2007,44.21,FXE
1/12/2007,48.49,FXE
1/11/2007,52.12,FXE
1/10/2007,49.82,FXE
1/9/2007,47.82,FXE
1/8/2007,46.98,FXE
1/5/2007,47.08,FXE
1/4/2007,49.37,FXE
1/3/2007,48.43,FXE
1/2/2007,39.63,FXE
12/29/2006,40.91,FXE
12/28/2006,44.8,FXE
12/27/2006,45.85,FXE
12/26/2006,47.53,FXE
12/22/2006,41.8,FXE
12/21/2006,41.96,FXE
12/20/2006,42.21,FXE
12/19/2006,41.06,FXE
12/18/2006,46.02,FXE
12/15/2006,47.16,FXE
12/14/2006,47.73,FXE
12/13/2006,40.52,FXE
12/12/2006,35.56,FXE
12/11/2006,33.79,FXE
12/8/2006,39.16,FXE
12/7/2006,37.9,FXE
12/6/2006,36.29,FXE
12/5/2006,35.64,FXE
12/4/2006,36.53,FXE
12/1/2006,31.03,FXE
11/30/2006,30.25,FXE
11/29/2006,33.73,FXE
11/28/2006,28.52,FXE
11/27/2006,28.58,FXE
11/24/2006,21.23,FXE
11/23/2006,21.18,FXE
11/22/2006,19.21,FXE
11/21/2006,28.95,FXE
11/20/2006,35.75,FXE
11/17/2006,28.12,FXE
11/16/2006,35.58,FXE
11/15/2006,29.38,FXE
11/14/2006,34.99,FXE
11/13/2006,37.48,FXE
11/10/2006,29.14,FXE
11/9/2006,24.78,FXE
11/8/2006,38.84,FXE
11/7/2006,34.99,FXE
11/6/2006,40.66,FXE
11/3/2006,42.25,FXE
11/2/2006,33.13,FXE
11/1/2006,43.98,FXE
10/31/2006,36.53,FXE
10/30/2006,40.68,FXE
10/27/2006,40.77,FXE
10/26/2006,43.73,FXE
10/25/2006,60.65,FXE
10/24/2006,69.1,FXE
10/23/2006,72.05,FXE
10/20/2006,59.93,FXE
10/19/2006,54.65,FXE
10/18/2006,73.3,FXE
10/17/2006,71.25,FXE
10/16/2006,72.68,FXE
10/13/2006,80.14,FXE
10/12/2006,70.55,FXE
10/11/2006,76.88,FXE
10/10/2006,77.37,FXE
10/9/2006,75.51,FXE
10/6/2006,80.66,FXE
10/5/2006,69.93,FXE
10/4/2006,66.03,FXE
10/3/2006,59.08,FXE
10/2/2006,53.87,FXE
9/29/2006,69.39,FXE
9/28/2006,64.84,FXE
9/27/2006,66.98,FXE
9/26/2006,72.08,FXE
9/25/2006,60.06,FXE
9/22/2006,48.38,FXE
9/21/2006,45.21,FXE
9/20/2006,62.18,FXE
9/19/2006,67.96,FXE
9/18/2006,59.37,FXE
9/15/2006,74.27,FXE
9/14/2006,58,FXE
9/13/2006,65.57,FXE
9/12/2006,67.34,FXE
9/11/2006,61.57,FXE
9/8/2006,70.59,FXE
9/7/2006,67.46,FXE
9/6/2006,58.68,FXE
9/5/2006,53.6,FXE
9/4/2006,32.86,FXE
9/1/2006,46.08,FXE
8/31/2006,54.74,FXE
8/30/2006,45.84,FXE
8/29/2006,49.37,FXE
8/28/2006,53.75,FXE
8/25/2006,61.18,FXE
8/24/2006,63.14,FXE
8/23/2006,59.2,FXE
8/22/2006,57.51,FXE
8/21/2006,33.73,FXE
8/18/2006,45.17,FXE
8/17/2006,42.69,FXE
8/16/2006,41.21,FXE
8/15/2006,46.2,FXE
8/14/2006,62.08,FXE
8/11/2006,57.28,FXE
8/10/2006,52.56,FXE
8/9/2006,34.13,FXE
8/8/2006,49.75,FXE
8/7/2006,46.66,FXE
8/4/2006,36.01,FXE
8/3/2006,41.75,FXE
8/2/2006,48.2,FXE
8/1/2006,34.79,FXE
7/31/2006,38.21,FXE
7/28/2006,42.52,FXE
7/27/2006,45,FXE
7/26/2006,44.86,FXE
7/25/2006,63.06,FXE
7/24/2006,55.04,FXE
7/21/2006,48.95,FXE
7/20/2006,57.19,FXE
7/19/2006,58.94,FXE
7/18/2006,63.49,FXE
7/17/2006,66.28,FXE
7/14/2006,60.68,FXE
7/13/2006,57.7,FXE
7/12/2006,54.82,FXE
7/11/2006,46.27,FXE
7/10/2006,54.46,FXE
7/7/2006,45,FXE
7/6/2006,42.95,FXE
7/5/2006,51.48,FXE
7/4/2006,41.85,FXE
7/3/2006,40.18,FXE
6/30/2006,38.96,FXE
6/29/2006,51.56,FXE
6/28/2006,57.46,FXE
6/27/2006,54.03,FXE
6/26/2006,50.74,FXE
6/23/2006,62.29,FXE
6/22/2006,62.77,FXE
6/21/2006,43.3,FXE
6/20/2006,61.57,FXE
6/19/2006,62.78,FXE
6/16/2006,59.48,FXE
6/15/2006,60.7,FXE
6/14/2006,60.18,FXE
6/13/2006,63.22,FXE
6/12/2006,60.95,FXE
6/9/2006,62.3,FXE
6/8/2006,64.31,FXE
6/7/2006,56.07,FXE
6/6/2006,54.58,FXE
6/5/2006,36.81,FXE
6/2/2006,38.84,FXE
6/1/2006,52.47,FXE
5/31/2006,50.44,FXE
5/30/2006,37.65,FXE
5/29/2006,50.39,FXE
5/26/2006,57.55,FXE
5/25/2006,49.14,FXE
5/24/2006,51.46,FXE
5/23/2006,37.4,FXE
5/22/2006,33.47,FXE
5/19/2006,46.71,FXE
5/18/2006,39.57,FXE
5/17/2006,55.33,FXE
5/16/2006,47.7,FXE
5/15/2006,57.83,FXE
5/12/2006,40.58,FXE
5/11/2006,30.82,FXE
5/10/2006,36.85,FXE
5/9/2006,32.77,FXE
5/8/2006,47.61,FXE
5/5/2006,39.25,FXE
5/4/2006,27.91,FXE
5/3/2006,34.01,FXE
5/2/2006,35.47,FXE
5/1/2006,37.84,FXE
4/28/2006,27.18,FXE
4/27/2006,23.24,FXE
4/26/2006,25.12,FXE
4/25/2006,25.02,FXE
4/24/2006,25.93,FXE
4/21/2006,32.34,FXE
4/20/2006,35.63,FXE
4/19/2006,28.42,FXE
4/18/2006,31.09,FXE
4/17/2006,37.75,FXE
4/14/2006,60.29,FXE
4/13/2006,59.7,FXE
4/12/2006,55.81,FXE
4/11/2006,52.62,FXE
4/10/2006,57.96,FXE
4/7/2006,55.47,FXE
4/6/2006,33.42,FXE
4/5/2006,22.34,FXE
4/4/2006,28.88,FXE
4/3/2006,45.16,FXE
3/31/2006,45.32,FXE
3/30/2006,36.2,FXE
3/29/2006,53.37,FXE
3/28/2006,57.6,FXE
3/27/2006,62.19,FXE
3/24/2006,55.74,FXE
3/23/2006,67.39,FXE
3/22/2006,51.98,FXE
3/21/2006,48.77,FXE
3/20/2006,37.63,FXE
3/17/2006,31.06,FXE
3/16/2006,33.03,FXE
3/15/2006,45.52,FXE
3/14/2006,54.25,FXE
3/13/2006,63.6,FXE
3/10/2006,71.12,FXE
3/9/2006,74.31,FXE
3/8/2006,73.16,FXE
3/7/2006,79.92,FXE
3/6/2006,65.82,FXE
3/3/2006,51.13,FXE
3/2/2006,48.14,FXE
3/1/2006,69.34,FXE
2/28/2006,62.88,FXE
2/27/2006,82.57,FXE
2/24/2006,85.66,FXE
2/23/2006,71.03,FXE
2/22/2006,77.89,FXE
2/21/2006,75.64,FXE
2/20/2006,67.72,FXE
2/17/2006,62.47,FXE
2/16/2006,72.9,FXE
2/15/2006,79.19,FXE
2/14/2006,65.61,FXE
2/13/2006,74.56,FXE
2/10/2006,82.55,FXE
2/9/2006,67.01,FXE
2/8/2006,72.49,FXE
2/7/2006,70.63,FXE
2/6/2006,73.1,FXE
2/3/2006,66.36,FXE
2/2/2006,60.62,FXE
2/1/2006,70.67,FXE
1/31/2006,57.32,FXE
1/30/2006,66.43,FXE
1/27/2006,67.21,FXE
1/26/2006,60.2,FXE
1/25/2006,54.16,FXE
1/24/2006,42.06,FXE
1/23/2006,33.43,FXE
1/20/2006,39.89,FXE
1/19/2006,54.24,FXE
1/18/2006,50.45,FXE
1/17/2006,53.6,FXE
1/16/2006,45.67,FXE
1/13/2006,38.44,FXE
1/12/2006,54.53,FXE
1/11/2006,40,FXE
1/10/2006,51.3,FXE
1/9/2006,48.93,FXE
1/6/2006,41.75,FXE
1/5/2006,40.32,FXE
1/4/2006,38.33,FXE
1/3/2006,36.95,FXE
12/30/2005,66.71,FXE
12/29/2005,64.15,FXE
12/28/2005,65.65,FXE
12/27/2005,63.4,FXE
12/23/2005,58.62,FXE
12/22/2005,57.58,FXE
12/21/2005,65.2,FXE
12/20/2005,69.72,FXE
12/19/2005,50.33,FXE
12/16/2005,46.64,FXE
12/15/2005,57.78,FXE
12/14/2005,53.59,FXE
12/13/2005,49.88,FXE
12/12/2005,35.45,FXE
12/9/2005,47.69,FXE
12/8/2005,42.54,FXE
12/7/2005,71.46,FXE
12/6/2005,48.04,FXE
12/5/2005,46.72,FXE
12/2/2005,70.35,FXE
12/1/2005,69.82,FXE
11/30/2005,54.88,FXE
11/29/2005,52.4,FXE
11/28/2005,41.79,FXE
11/25/2005,71.22,FXE
11/24/2005,60.17,FXE
11/23/2005,53.71,FXE
11/22/2005,49.18,FXE
11/21/2005,64.88,FXE
11/18/2005,52.02,FXE
11/17/2005,46.25,FXE
11/16/2005,61.51,FXE
11/15/2005,52.67,FXE
11/14/2005,63.2,FXE
11/11/2005,61.45,FXE
11/10/2005,69,FXE
11/9/2005,61.65,FXE
11/8/2005,57.77,FXE
11/7/2005,69.24,FXE
11/4/2005,76.87,FXE
11/3/2005,75,FXE
11/2/2005,48.98,FXE
11/1/2005,55.44,FXE
10/31/2005,63.27,FXE
10/28/2005,61.1,FXE
10/27/2005,48.93,FXE
10/26/2005,55.74,FXE
10/25/2005,43.59,FXE
10/24/2005,62.51,FXE
10/21/2005,70.08,FXE
10/20/2005,62.18,FXE
10/19/2005,59.48,FXE
10/18/2005,69.89,FXE
10/17/2005,64.97,FXE
10/14/2005,57.45,FXE
10/13/2005,59.79,FXE
10/12/2005,58.08,FXE
10/11/2005,59.45,FXE
10/10/2005,63.18,FXE
10/7/2005,58.4,FXE
10/6/2005,54.23,FXE
10/5/2005,60.5,FXE
10/4/2005,67.74,FXE
10/3/2005,73,FXE
9/30/2005,75.24,FXE
9/29/2005,67.44,FXE
9/28/2005,60.03,FXE
9/27/2005,64.68,FXE
9/26/2005,64.33,FXE
9/23/2005,71.34,FXE
9/22/2005,71.57,FXE
9/21/2005,54.59,FXE
9/20/2005,60.65,FXE
9/19/2005,55.12,FXE
9/16/2005,67.14,FXE
9/15/2005,60.08,FXE
9/14/2005,68.61,FXE
9/13/2005,62.54,FXE
9/12/2005,61.6,FXE
9/9/2005,59.21,FXE
9/8/2005,55.5,FXE
9/7/2005,53.74,FXE
9/6/2005,46.49,FXE
9/5/2005,52.04,FXE
9/2/2005,47.66,FXE
9/1/2005,45.45,FXE
8/31/2005,40.62,FXE
8/30/2005,54.3,FXE
8/29/2005,62.63,FXE
8/26/2005,52.71,FXE
8/25/2005,48.87,FXE
8/24/2005,39.17,FXE
8/23/2005,52.88,FXE
8/22/2005,52.67,FXE
8/19/2005,50.36,FXE
8/18/2005,61.93,FXE
8/17/2005,61.75,FXE
8/16/2005,50.69,FXE
8/15/2005,59.54,FXE
8/12/2005,55.19,FXE
8/11/2005,43.33,FXE
8/10/2005,54.54,FXE
8/9/2005,52.83,FXE
8/8/2005,48.62,FXE
8/5/2005,46.95,FXE
8/4/2005,40.76,FXE
8/3/2005,29.94,FXE
8/2/2005,47.16,FXE
8/1/2005,44.12,FXE
7/29/2005,48.36,FXE
7/28/2005,43,FXE
7/27/2005,45.99,FXE
7/26/2005,62.57,FXE
7/25/2005,59.21,FXE
7/22/2005,62.72,FXE
7/21/2005,48.77,FXE
7/20/2005,41.36,FXE
7/19/2005,43.12,FXE
7/18/2005,54.61,FXE
7/15/2005,51.61,FXE
7/14/2005,54.62,FXE
7/13/2005,48.53,FXE
7/12/2005,49.28,FXE
7/11/2005,41.02,FXE
7/8/2005,44.54,FXE
7/7/2005,45.67,FXE
7/6/2005,43.54,FXE
7/5/2005,44.62,FXE
7/4/2005,55.99,FXE
7/1/2005,67.83,FXE
6/30/2005,45.89,FXE
6/29/2005,58.29,FXE
6/28/2005,62.81,FXE
6/27/2005,46.7,FXE
6/24/2005,49.12,FXE
6/23/2005,74.07,FXE
6/22/2005,62.24,FXE
6/21/2005,51.63,FXE
6/20/2005,59.77,FXE
6/17/2005,49.05,FXE
6/16/2005,52.26,FXE
6/15/2005,48.56,FXE
6/14/2005,69.24,FXE
6/13/2005,45.93,FXE
6/10/2005,67.99,FXE
6/9/2005,54.57,FXE
6/8/2005,61.68,FXE
6/7/2005,51.26,FXE
6/6/2005,47.99,FXE
6/3/2005,56.86,FXE
6/2/2005,37.78,FXE
6/1/2005,45.89,FXE
5/31/2005,59.27,FXE
5/30/2005,69.63,FXE
5/27/2005,49.07,FXE
5/26/2005,72.99,FXE
5/25/2005,49.2,FXE
5/24/2005,59.48,FXE
5/23/2005,55.22,FXE
5/20/2005,68.2,FXE
5/19/2005,65.67,FXE
5/18/2005,53.22,FXE
5/17/2005,68.74,FXE
5/16/2005,57.61,FXE
5/13/2005,68.82,FXE
5/12/2005,74.07,FXE
5/11/2005,72.36,FXE
5/10/2005,54.24,FXE
5/9/2005,58.07,FXE
5/6/2005,74.23,FXE
5/5/2005,58.72,FXE
5/4/2005,55.33,FXE
5/3/2005,56.1,FXE
5/2/2005,60.7,FXE
4/29/2005,72.68,FXE
4/28/2005,68.37,FXE
4/27/2005,60.1,FXE
4/26/2005,57.06,FXE
4/25/2005,59.32,FXE
4/22/2005,54.89,FXE
4/21/2005,58.07,FXE
4/20/2005,48.21,FXE
4/19/2005,47.56,FXE
4/18/2005,43.44,FXE
4/15/2005,55.05,FXE
4/14/2005,71.76,FXE
4/13/2005,69.5,FXE
4/12/2005,70.34,FXE
4/11/2005,60.8,FXE
4/8/2005,55.71,FXE
4/7/2005,70.94,FXE
4/6/2005,62.78,FXE
4/5/2005,59,FXE
4/4/2005,61.01,FXE
4/1/2005,68.94,FXE
3/31/2005,67.83,FXE
3/30/2005,69.93,FXE
3/29/2005,60.64,FXE
3/28/2005,56.99,FXE
3/25/2005,64.4,FXE
3/24/2005,67.58,FXE
3/23/2005,60.76,FXE
3/22/2005,64.07,FXE
3/21/2005,62.71,FXE
3/18/2005,55.9,FXE
3/17/2005,52.9,FXE
3/16/2005,43.41,FXE
3/15/2005,56.58,FXE
3/14/2005,48.97,FXE
3/11/2005,34.13,FXE
3/10/2005,38.96,FXE
3/9/2005,38.37,FXE
3/8/2005,35.65,FXE
3/7/2005,52.08,FXE
3/4/2005,38.31,FXE
3/3/2005,59.75,FXE
3/2/2005,56.73,FXE
3/1/2005,62.14,FXE
2/28/2005,53.05,FXE
2/25/2005,42.48,FXE
2/24/2005,58.63,FXE
2/23/2005,51.47,FXE
2/22/2005,34.7,FXE
2/21/2005,41.9,FXE
2/18/2005,45.62,FXE
2/17/2005,41.1,FXE
2/16/2005,46.79,FXE
2/15/2005,50.21,FXE
2/14/2005,49.22,FXE
2/11/2005,58.32,FXE
2/10/2005,50.74,FXE
2/9/2005,53.99,FXE
2/8/2005,62.96,FXE
2/7/2005,67.6,FXE
2/4/2005,77.17,FXE
2/3/2005,76.59,FXE
2/2/2005,70.07,FXE
2/1/2005,58.56,FXE
1/31/2005,63.13,FXE
1/28/2005,66.46,FXE
1/27/2005,67.18,FXE
1/26/2005,52.23,FXE
1/25/2005,72.68,FXE
1/24/2005,61.57,FXE
1/21/2005,53.78,FXE
1/20/2005,63.47,FXE
1/19/2005,65.86,FXE
1/18/2005,60.56,FXE
1/17/2005,67.23,FXE
1/14/2005,64.57,FXE
1/13/2005,64.35,FXE
1/12/2005,54.35,FXE
1/11/2005,63.69,FXE
1/10/2005,61.61,FXE
1/7/2005,69.17,FXE
1/6/2005,66.68,FXE
1/5/2005,59.16,FXE
1/4/2005,62.8,FXE
1/3/2005,54.5,FXE
12/31/2004,44.25,FXE
12/30/2004,34.42,FXE
12/29/2004,42.63,FXE
12/28/2004,35.03,FXE
12/27/2004,30.93,FXE
12/24/2004,28.44,FXE
12/23/2004,25.92,FXE
12/22/2004,32.63,FXE
12/21/2004,41.49,FXE
12/20/2004,39.38,FXE
12/17/2004,52.57,FXE
12/16/2004,65.15,FXE
12/15/2004,38.62,FXE
12/14/2004,47.18,FXE
12/13/2004,46.47,FXE
12/10/2004,52.01,FXE
12/9/2004,52.58,FXE
12/8/2004,58.82,FXE
12/7/2004,56.99,FXE
12/6/2004,51.62,FXE
12/3/2004,35.79,FXE
12/2/2004,62.73,FXE
12/1/2004,45.82,FXE
11/30/2004,44.03,FXE
11/29/2004,44.3,FXE
11/26/2004,44.21,FXE
11/25/2004,36.02,FXE
11/24/2004,27.66,FXE
11/23/2004,28.56,FXE
11/22/2004,37.09,FXE
11/19/2004,36.57,FXE
11/18/2004,50.31,FXE
11/17/2004,32.54,FXE
11/16/2004,33.59,FXE
11/15/2004,41.81,FXE
11/12/2004,29.98,FXE
11/11/2004,40.2,FXE
11/10/2004,43.36,FXE
11/9/2004,48.21,FXE
11/8/2004,46.1,FXE
11/5/2004,31.01,FXE
11/4/2004,30.8,FXE
11/3/2004,27.3,FXE
11/2/2004,45.8,FXE
11/1/2004,42.21,FXE
10/29/2004,36.83,FXE
10/28/2004,36.21,FXE
10/27/2004,43.89,FXE
10/26/2004,41.92,FXE
10/25/2004,41.77,FXE
10/22/2004,22.5,FXE
10/21/2004,26.8,FXE
10/20/2004,21.22,FXE
10/19/2004,16.13,FXE
10/18/2004,18.77,FXE
10/15/2004,16.68,FXE
10/14/2004,27.65,FXE
10/13/2004,38.53,FXE
10/12/2004,40.39,FXE
10/11/2004,27.85,FXE
10/8/2004,22.98,FXE
10/7/2004,39.97,FXE
10/6/2004,38.71,FXE
10/5/2004,35.41,FXE
10/4/2004,41.07,FXE
10/1/2004,23.23,FXE
9/30/2004,18.27,FXE
9/29/2004,25.62,FXE
9/28/2004,31.44,FXE
9/27/2004,33.44,FXE
9/24/2004,39.37,FXE
9/23/2004,31.59,FXE
9/22/2004,36.58,FXE
9/21/2004,23.78,FXE
9/20/2004,48.46,FXE
9/17/2004,43.65,FXE
9/16/2004,47.22,FXE
9/15/2004,49.85,FXE
9/14/2004,41.71,FXE
9/13/2004,41.12,FXE
9/10/2004,34.66,FXE
9/9/2004,34.53,FXE
9/8/2004,43.29,FXE
9/7/2004,48.39,FXE
9/6/2004,57.79,FXE
9/3/2004,58.29,FXE
9/2/2004,53.86,FXE
9/1/2004,48.49,FXE
8/31/2004,50.67,FXE
8/30/2004,69.88,FXE
8/27/2004,75.74,FXE
8/26/2004,59.52,FXE
8/25/2004,63.48,FXE
8/24/2004,61.58,FXE
8/23/2004,63.35,FXE
8/20/2004,49.91,FXE
8/19/2004,34.81,FXE
8/18/2004,48.79,FXE
8/17/2004,41.94,FXE
8/16/2004,41.94,FXE
8/13/2004,34.66,FXE
8/12/2004,53.18,FXE
8/11/2004,62.53,FXE
8/10/2004,51.45,FXE
8/9/2004,46.42,FXE
8/6/2004,42.57,FXE
8/5/2004,64.16,FXE
8/4/2004,67.45,FXE
8/3/2004,70.79,FXE
8/2/2004,77.45,FXE
7/30/2004,79.03,FXE
7/29/2004,72,FXE
7/28/2004,70.14,FXE
7/27/2004,72.77,FXE
7/26/2004,67.81,FXE
7/23/2004,76.49,FXE
7/22/2004,62.03,FXE
7/21/2004,63.69,FXE
7/20/2004,52.34,FXE
7/19/2004,44.38,FXE
7/16/2004,30.58,FXE
7/15/2004,49.81,FXE
7/14/2004,38.69,FXE
7/13/2004,51.56,FXE
7/12/2004,43.57,FXE
7/9/2004,36.73,FXE
7/8/2004,38.08,FXE
7/7/2004,34.41,FXE
7/6/2004,41.38,FXE
7/5/2004,36.03,FXE
7/2/2004,27.88,FXE
7/1/2004,43.83,FXE
6/30/2004,39.1,FXE
6/29/2004,57.63,FXE
6/28/2004,46.89,FXE
6/25/2004,48.98,FXE
6/24/2004,39.27,FXE
6/23/2004,60,FXE
6/22/2004,52.73,FXE
6/21/2004,51.3,FXE
6/18/2004,44.86,FXE
6/17/2004,58.11,FXE
6/16/2004,64.3,FXE
6/15/2004,48.43,FXE
6/14/2004,53.76,FXE
6/11/2004,60.58,FXE
6/10/2004,64.1,FXE
6/9/2004,67.72,FXE
6/8/2004,58.97,FXE
6/7/2004,50.38,FXE
6/4/2004,42.42,FXE
6/3/2004,60.83,FXE
6/2/2004,60.04,FXE
6/1/2004,57.61,FXE
5/31/2004,62.07,FXE
5/28/2004,53.45,FXE
5/27/2004,45.44,FXE
5/26/2004,44.21,FXE
5/25/2004,42.46,FXE
5/24/2004,60.03,FXE
5/21/2004,54.05,FXE
5/20/2004,64.86,FXE
5/19/2004,52.99,FXE
5/18/2004,49.42,FXE
5/17/2004,43.22,FXE
5/14/2004,56.76,FXE
5/13/2004,65.91,FXE
5/12/2004,62.57,FXE
5/11/2004,60.2,FXE
5/10/2004,64.96,FXE
5/7/2004,63.67,FXE
5/6/2004,52.5,FXE
5/5/2004,38.66,FXE
5/4/2004,47.22,FXE
5/3/2004,55.8,FXE
4/30/2004,46.89,FXE
4/29/2004,47.72,FXE
4/28/2004,62.12,FXE
4/27/2004,47.17,FXE
4/26/2004,56.32,FXE
4/23/2004,67.1,FXE
4/22/2004,52.11,FXE
4/21/2004,66.89,FXE
4/20/2004,62.99,FXE
4/19/2004,60.11,FXE
4/16/2004,58.18,FXE
4/15/2004,51.86,FXE
4/14/2004,57.95,FXE
4/13/2004,69.16,FXE
4/12/2004,63.55,FXE
4/9/2004,59.3,FXE
4/8/2004,61.11,FXE
4/7/2004,45.66,FXE
4/6/2004,56.71,FXE
4/5/2004,63.25,FXE
4/2/2004,63.05,FXE
4/1/2004,47.58,FXE
3/31/2004,51.1,FXE
3/30/2004,52.03,FXE
3/29/2004,58.57,FXE
3/26/2004,73.03,FXE
3/25/2004,69.21,FXE
3/24/2004,76.35,FXE
3/23/2004,66.2,FXE
3/22/2004,58.61,FXE
3/19/2004,69.84,FXE
3/18/2004,51.87,FXE
3/17/2004,60.66,FXE
3/16/2004,63.92,FXE
3/15/2004,57.64,FXE
3/12/2004,67.72,FXE
3/11/2004,61.48,FXE
3/10/2004,60.72,FXE
3/9/2004,66.89,FXE
3/8/2004,62,FXE
3/5/2004,70.04,FXE
3/4/2004,60.15,FXE
3/3/2004,63.56,FXE
3/2/2004,72.77,FXE
3/1/2004,71.16,FXE
2/27/2004,69.43,FXE
2/26/2004,70.28,FXE
2/25/2004,76.07,FXE
2/24/2004,65.66,FXE
2/23/2004,59.77,FXE
2/20/2004,77.66,FXE
2/19/2004,70.79,FXE
2/18/2004,76.62,FXE
2/17/2004,48.08,FXE
2/16/2004,62.99,FXE
2/13/2004,72.06,FXE
2/12/2004,70.38,FXE
2/11/2004,56.91,FXE
2/10/2004,72.85,FXE
2/9/2004,66.45,FXE
2/6/2004,49.34,FXE
2/5/2004,68.15,FXE
2/4/2004,67.59,FXE
2/3/2004,65.91,FXE
2/2/2004,63.1,FXE
1/30/2004,64.76,FXE
1/29/2004,65.77,FXE
1/28/2004,68.95,FXE
1/27/2004,64.58,FXE
1/26/2004,53.72,FXE
1/23/2004,65.48,FXE
1/22/2004,74.87,FXE
1/21/2004,67.25,FXE
1/20/2004,62.48,FXE
1/19/2004,56.42,FXE
1/16/2004,60.37,FXE
1/15/2004,71.1,FXE
1/14/2004,75.95,FXE
1/13/2004,83.65,FXE
1/12/2004,80.7,FXE
1/9/2004,66.5,FXE
1/8/2004,70.66,FXE
1/7/2004,78.35,FXE
1/6/2004,73.65,FXE
1/5/2004,73.86,FXE
1/2/2004,62.53,FXE
12/31/2003,62.93,FXE
12/30/2003,55.46,FXE
12/29/2003,54.92,FXE
12/26/2003,62.85,FXE
12/24/2003,49.86,FXE
12/23/2003,67.98,FXE
12/22/2003,61.04,FXE
12/19/2003,61.86,FXE
12/18/2003,56.37,FXE
12/17/2003,44.96,FXE
12/16/2003,51.67,FXE
12/15/2003,39.47,FXE
12/12/2003,40.56,FXE
12/11/2003,56.48,FXE
12/10/2003,59.98,FXE
12/9/2003,58.31,FXE
12/8/2003,48.33,FXE
12/5/2003,37.32,FXE
12/4/2003,50.13,FXE
12/3/2003,48.19,FXE
12/2/2003,35.65,FXE
12/1/2003,58.35,FXE
11/28/2003,44.4,FXE
11/27/2003,53.92,FXE
11/26/2003,44.65,FXE
11/25/2003,58.33,FXE
11/24/2003,66.74,FXE
11/21/2003,58.72,FXE
11/20/2003,57.24,FXE
11/19/2003,56.2,FXE
11/18/2003,36.91,FXE
11/17/2003,52.94,FXE
11/14/2003,52.23,FXE
11/13/2003,45.12,FXE
11/12/2003,41.45,FXE
11/11/2003,47.92,FXE
11/10/2003,55.29,FXE
11/7/2003,41.49,FXE
11/6/2003,49.55,FXE
11/5/2003,51.41,FXE
11/4/2003,47.59,FXE
11/3/2003,63.77,FXE
10/31/2003,66.67,FXE
10/30/2003,67.22,FXE
10/29/2003,71.26,FXE
10/28/2003,69.13,FXE
10/27/2003,56.66,FXE
10/24/2003,46.62,FXE
10/23/2003,59.71,FXE
10/22/2003,36.15,FXE
10/21/2003,49.63,FXE
10/20/2003,52.68,FXE
10/17/2003,50.05,FXE
10/16/2003,63.3,FXE
10/15/2003,62.87,FXE
10/14/2003,52.87,FXE
10/13/2003,73.44,FXE
10/10/2003,60.23,FXE
10/9/2003,69.71,FXE
10/8/2003,60.04,FXE
10/7/2003,61.07,FXE
10/6/2003,52,FXE
10/3/2003,74.18,FXE
10/2/2003,72.29,FXE
10/1/2003,54.41,FXE
9/30/2003,62.18,FXE
9/29/2003,49.82,FXE
9/26/2003,70.3,FXE
9/25/2003,68.19,FXE
9/24/2003,60.8,FXE
9/23/2003,70.09,FXE
9/22/2003,63.99,FXE
9/19/2003,57.12,FXE
9/18/2003,63.67,FXE
9/17/2003,56.21,FXE
9/16/2003,68.82,FXE
9/15/2003,55.43,FXE
9/12/2003,51.6,FXE
9/11/2003,65.82,FXE
9/10/2003,57.98,FXE
9/9/2003,50.57,FXE
9/8/2003,63.28,FXE
9/5/2003,58.12,FXE
9/4/2003,57.33,FXE
9/3/2003,65.12,FXE
9/2/2003,74.15,FXE
9/1/2003,70.97,FXE
8/29/2003,65.6,FXE
8/28/2003,67.25,FXE
8/27/2003,71.06,FXE
8/26/2003,63.86,FXE
8/25/2003,63.77,FXE
8/22/2003,69.47,FXE
8/21/2003,74.35,FXE
8/20/2003,69.27,FXE
8/19/2003,74.93,FXE
8/18/2003,87.18,FXE
8/15/2003,77.23,FXE
8/14/2003,71.94,FXE
8/13/2003,55.69,FXE
8/12/2003,61.92,FXE
8/11/2003,52.26,FXE
8/8/2003,69.88,FXE
8/7/2003,56.51,FXE
8/6/2003,65.24,FXE
8/5/2003,59.72,FXE
8/4/2003,65.16,FXE
8/1/2003,68.7,FXE
7/31/2003,68.5,FXE
7/30/2003,61.45,FXE
7/29/2003,62.62,FXE
7/28/2003,63.49,FXE
7/25/2003,63.43,FXE
7/24/2003,63.73,FXE
7/23/2003,48.5,FXE
7/22/2003,62.2,FXE
7/21/2003,50.2,FXE
7/18/2003,53.91,FXE
7/17/2003,56.86,FXE
7/16/2003,55.42,FXE
7/15/2003,69.91,FXE
7/14/2003,57.28,FXE
7/11/2003,67.31,FXE
7/10/2003,57.88,FXE
7/9/2003,67.95,FXE
7/8/2003,70.12,FXE
7/7/2003,80.95,FXE
7/4/2003,82.95,FXE
7/3/2003,83.14,FXE
7/2/2003,72.96,FXE
7/1/2003,70.01,FXE
6/30/2003,71.88,FXE
6/27/2003,87.53,FXE
6/26/2003,87.31,FXE
6/25/2003,77.43,FXE
6/24/2003,86.66,FXE
6/23/2003,78.96,FXE
6/20/2003,82.16,FXE
6/19/2003,83.32,FXE
6/18/2003,89.49,FXE
6/17/2003,84,FXE
6/16/2003,70.64,FXE
6/13/2003,55.22,FXE
6/12/2003,67.38,FXE
6/11/2003,71.11,FXE
6/10/2003,82.81,FXE
6/9/2003,75.29,FXE
6/6/2003,85.94,FXE
6/5/2003,58.94,FXE
6/4/2003,68.03,FXE
6/3/2003,63.8,FXE
6/2/2003,66.89,FXE
5/30/2003,79.26,FXE
5/29/2003,57.12,FXE
5/28/2003,61.23,FXE
5/27/2003,61.23,FXE
5/26/2003,51.12,FXE
5/23/2003,48.33,FXE
5/22/2003,52.26,FXE
5/21/2003,70.67,FXE
5/20/2003,60.23,FXE
5/19/2003,62.48,FXE
5/16/2003,46.33,FXE
5/15/2003,61.36,FXE
5/14/2003,63.38,FXE
5/13/2003,67.52,FXE
5/12/2003,67.15,FXE
5/9/2003,51.57,FXE
5/8/2003,45.54,FXE
5/7/2003,50.76,FXE
5/6/2003,41.44,FXE
5/5/2003,40.31,FXE
5/2/2003,44.22,FXE
5/1/2003,36.88,FXE
4/30/2003,25.97,FXE
4/29/2003,19.92,FXE
4/28/2003,51.87,FXE
4/25/2003,27.04,FXE
4/24/2003,27.41,FXE
4/23/2003,42.63,FXE
4/22/2003,27.83,FXE
4/21/2003,42.72,FXE
4/18/2003,44.7,FXE
4/17/2003,41.7,FXE
4/16/2003,27.44,FXE
4/15/2003,30.67,FXE
4/14/2003,43.27,FXE
4/11/2003,41.47,FXE
4/10/2003,48.08,FXE
4/9/2003,35.83,FXE
4/8/2003,35.26,FXE
4/7/2003,47.18,FXE
4/4/2003,51.41,FXE
4/3/2003,53.22,FXE
4/2/2003,59.58,FXE
4/1/2003,39.88,FXE
3/31/2003,43.63,FXE
3/28/2003,39.09,FXE
3/27/2003,56.27,FXE
3/26/2003,60.4,FXE
3/25/2003,72.9,FXE
3/24/2003,61.42,FXE
3/21/2003,59.34,FXE
3/20/2003,60.1,FXE
3/19/2003,52.61,FXE
3/18/2003,43.28,FXE
3/17/2003,69.83,FXE
3/14/2003,74.04,FXE
3/13/2003,68.09,FXE
3/12/2003,71.5,FXE
3/11/2003,72.43,FXE
3/10/2003,61.72,FXE
3/7/2003,64.72,FXE
3/6/2003,54.07,FXE
3/5/2003,52.91,FXE
3/4/2003,38.32,FXE
3/3/2003,23.17,FXE
2/28/2003,44.93,FXE
2/27/2003,66.09,FXE
2/26/2003,45.94,FXE
2/25/2003,61.83,FXE
2/24/2003,53.94,FXE
2/21/2003,52.84,FXE
2/20/2003,36.79,FXE
2/19/2003,48.41,FXE
2/18/2003,63.15,FXE
2/17/2003,67.27,FXE
2/14/2003,63.12,FXE
2/13/2003,45.56,FXE
2/12/2003,61.46,FXE
2/11/2003,63.4,FXE
2/10/2003,77.39,FXE
2/7/2003,60.05,FXE
2/6/2003,59.47,FXE
2/5/2003,70.73,FXE
2/4/2003,42.45,FXE
2/3/2003,52.33,FXE
1/31/2003,75.5,FXE
1/30/2003,70.4,FXE
1/29/2003,66.12,FXE
1/28/2003,69.42,FXE
1/27/2003,66.59,FXE
1/24/2003,38.04,FXE
1/23/2003,47.18,FXE
1/22/2003,51.73,FXE
1/21/2003,35.91,FXE
1/20/2003,44.29,FXE
1/17/2003,39.44,FXE
1/16/2003,30.15,FXE
1/15/2003,38.84,FXE
1/14/2003,45.96,FXE
1/13/2003,54.13,FXE
1/10/2003,25.74,FXE
1/9/2003,49.17,FXE
1/8/2003,39.53,FXE
1/7/2003,42.72,FXE
1/6/2003,33.16,FXE
1/3/2003,32.04,FXE
1/2/2003,54.28,FXE
12/31/2002,31.47,FXE
